Brand,Model,Year_of_Manufacture,Condition,Transmission,Fuel_Type,Engine_Capacity,Mileage,Price_LKR
Peugeot,5008,2025,Import,Automatic,Hybrid,1200,0,37200000
Audi,A4,2013,Used,Automatic,Petrol,1800,109000,13850000
Other brand,Other model,2015,Brand New,Automatic,Diesel,2800,156231,32250000
Audi,A3,2023,Used,Automatic,Petrol,1000,10000,22500000
Honda,Vezel,2026,Brand New,Tiptronic,Hybrid,1500,0,18150000
Suzuki,Alto,2026,Brand New,Automatic,Petrol,1000,0,6950000
Toyota,Taisor,2026,Brand New,Automatic,Petrol,1000,0,10975000
Toyota,Taisor,2026,Brand New,Automatic,Petrol,1000,0,10975000
Toyota,Taisor,2026,Brand New,Automatic,Petrol,1000,0,10975000
Toyota,Taisor,2026,Brand New,Automatic,Petrol,1000,0,11950000
Nissan,Classic Nissan Sunny HB310.,1980,"Well-maintained, smooth running, and mechanically sound.",Manual,Petrol,1400,196676,695000
Toyota,Corolla,1993,Used,Manual,Petrol,1300,120000,3100000
Suzuki,Fronx,2026,Brand New,Automatic,Petrol,1000,0,11450000
Suzuki,Fronx,2026,Brand New,Automatic,Petrol,1000,0,11450000
Suzuki,Fronx,2026,Brand New,Automatic,Petrol,1000,0,11450000
Suzuki,Fronx,2026,Brand New,Automatic,Petrol,1000,0,11450000
Honda,Vezel,2025,Brand New,Automatic,Petrol,1500,0,20750000
Volkswagen,Polo,2024,Reconditioned,Automatic,Petrol,1000,7000,11850000
Ford,Ranger,2025,Brand New,Automatic,Diesel,2000,0,38500000
Honda,Vezel,2026,Import,Automatic,Hybrid,1500,60,19150000
Ford,Ranger,2025,Brand New,Tiptronic,Petrol,3000,9000,37200000
Honda,Vezel,2026,Brand New,Automatic,Hybrid,1500,500,21450000
Mercedes Benz,C180,2010,Used,Automatic,Petrol,1600,145000,10000000
Mercedes Benz,G450d,2024,Brand New,Automatic,Diesel,3000,0,159500000
Jeep,Compass,2019,Used,Automatic,Petrol,1400,97000,13890000
Suzuki,Celerio,2015,Used,Automatic,Petrol,1000,137000,5375000
Toyota,Alphard,2024,Reconditioned,Automatic,Petrol,1800,14000,55500000
Toyota,Roomy,2023,Reconditioned,Automatic,Petrol,1000,31000,9585000
Volkswagen,Tiguan,2018,Used,Automatic,Petrol,1500,65800,17500000
Daewoo,Magnus,2001,Used,Automatic,Petrol,800,134000,2100000
Suzuki,Swift,2023,Reconditioned,Tiptronic,Petrol,1200,8600,11985000
Mercedes Benz,GLE 300D,2019,Used,Automatic,Diesel,2000,58000,46500000
Mercedes Benz,G Wagon,2025,Brand New,Automatic,Petrol,4000,0,235000000
Lexus,LS500h,2023,Reconditioned,Automatic,Hybrid,3500,11000,99500000
Chevrolet,Camaro,2024,Used,Automatic,Petrol,2000,19000,54500000
Morris,Minor,1960,Used,Manual,Petrol,1000,690000,1480000
Mercedes Benz,C200,2019,Used,Automatic,Petrol,1500,60000,27000000
Honda,Fit,2011,Used,Automatic,Hybrid,1400,155000,6650000
Toyota,Axio,2010,Used,Automatic,Petrol,1500,165000,7300000
Toyota,Corolla,1987,Used,Manual,Petrol,1300,145235,1200000
Mitsubishi,Lancer,1980,Used,Manual,Petrol,1400,100000,1450000
Toyota,Raize,2025,Brand New,Automatic,Petrol,1000,20000,11825000
Toyota,Raize,2026,Brand New,Automatic,Hybrid,1200,0,13575000
Toyota,Passo,2023,Used,Automatic,Petrol,1000,23800,8475000
Toyota,Raize,2025,Brand New,Automatic,Hybrid,1200,0,13890000
Toyota,Raize,2026,Brand New,Automatic,Hybrid,1200,0,14590000
Nissan,X-Trail,2015,Used,Automatic,Hybrid,2000,125000,9800000
Audi,A3,2023,Used,Automatic,Petrol,1000,22000,17900000
BMW,318i,2018,Used,Automatic,Petrol,1500,44000,17900000
Mercedes Benz,E300,2014,Used,Automatic,Diesel,2200,55000,17500000
Toyota,Taisor,2026,Brand New,Automatic,Petrol,1000,0,11695000
BMW,X1,2020,Used,Automatic,Petrol,2000,35000,19500000
Nissan,Sunny,1979,Used,Manual,Petrol,1200,157307,300000
Hyundai,Tucson,2007,Used,Manual,Diesel,1991,171000,6000000
Toyota,Taisor,2026,Brand New,Automatic,Hybrid,1000,0,11900000
Toyota,Vitz,2017,Used,Automatic,Petrol,1000,74000,8200000
Honda,Vezel,2026,Import,Automatic,Hybrid,1500,20,19178000
BMW,318i,2018,Used,Automatic,Petrol,1500,44000,17900000
Mercedes Benz,E300,2014,Used,Automatic,Diesel,2200,55000,17500000
Toyota,Taisor,2026,Brand New,Automatic,Petrol,1000,0,11695000
BMW,X1,2020,Used,Automatic,Petrol,2000,35000,19500000
Nissan,Sunny,1979,Used,Manual,Petrol,1200,157307,300000
Hyundai,Tucson,2007,Used,Manual,Diesel,1991,171000,6000000
Toyota,Allion,2007,Used,Automatic,Petrol,1500,289000,7990000
Mercedes Benz,C200,2018,Used,Automatic,Petrol,1500,46000,25700000
Honda,Grace,2017,Used,Automatic,Hybrid,1500,160000,10700000
Maruti Suzuki,800,2006,100% Engine & Body,Manual,Petrol,796,43258,2100000
Bajaj,Qute,2017,Used,Manual,Petrol,216,60000,1100000
Subaru,XV,2013,Used,Automatic,Hybrid,1995,184000,2200000
BMW,523i,2010,Used,Automatic,Petrol,3000,97000,15200000
Mercedes Benz,C200,2019,Used,Automatic,Petrol,1500,40000,26000000
Suzuki,Every,2024,Import,Automatic,Petrol,650,2500,8650000
Suzuki,Alto,2026,Import,Automatic,Hybrid,650,2000,7790000
Toyota,Toyota Corolla Cross Z Grade,2026,Brand New (0 KM),e-CVT Automatic,Hybrid,1800,0,29000000
Toyota,Raize,2026,Brand New,Automatic,Hybrid,1,0,14550000
Toyota,Raize,2026,Brand New,Automatic,Petrol,1200,0,14850000
Honda,Vezel,2018,Used,Automatic,Hybrid,1500,61000,10700000
Suzuki,Alto,2015,Used,Manual,Petrol,800,168300,4050000
Audi,A3,2023,Used,Automatic,Petrol,1000,26000,15575000
Toyota,Raize,2025,Brand New,Automatic,Petrol,1200,0,14800000
DFSK,Glory,2022,Used,Automatic,Petrol,1498,30336,11000000
Volkswagen,T-Cross,2023,Reconditioned,Automatic,Petrol,1000,7000,12990000
Honda,WR-V,2025,Used,Tiptronic,Petrol,1500,4200,16300000
Toyota,Allion,2016,Used,Automatic,Petrol,1500,132000,13750000
Volvo,S60,2016,Used,"Automatic Edition: T6 AWD Drive-Engine Performance: 316 HP, 400 Nm, 8-speed automatic gearbox (7,000 RPM) Acceleration: 0 - 100 km/h in 5.6 seconds (Top speed: 250 km/h)",Petrol,2000,31000,15900000
BMW,318i,2016,Used,Tiptronic,Petrol,1500,35000,19800000
Honda,Vezel,2026,Brand New,Automatic,Hybrid,1500,50,18675000
Honda,N-Box,2024,Reconditioned,Automatic,Petrol,660,4000,9245000
Honda,Vezel,2026,Brand New,Automatic,Hybrid,1496,20,19275000
Toyota,Hilux,2026,Import,Automatic,Diesel,2800,20,28450000
Toyota,Raize,2026,Brand New,Automatic,Hybrid,1196,20,13750000
Ford,Raptor Ranger,2025,Used,Automatic,Petrol,2956,30000,29500000
Toyota,Yaris Cross,2024,Reconditioned,Automatic,Petrol,1500,3800,17200000
Honda,Vezel,2023,Brand New,Automatic,Hybrid,1500,37000,17450000
Toyota,Roomy,2023,Brand New,Automatic,Petrol,996,47000,10200000
Toyota,Vitz,2007,Used,Automatic,Petrol,1000,226000,5575000
Toyota,Prius,2015,Used,Automatic,Hybrid,1800,89000,12500000
Honda,Vezel,2026,Brand New,Automatic,Hybrid,1500,0,20850000
Kia,Sonet,2026,Brand New,Automatic,Petrol,1000,0,12350000
Toyota,Axio,2013,Used,Automatic,Hybrid,1496,97000,9875000
Honda,Vezel,2026,Brand New,Automatic,Petrol,1500,0,20890000
Kia,Sonet,2026,Brand New,Automatic,Petrol,1000,200,12600000
Suzuki,Wagon R,2017,Used,Automatic,Petrol,660,67000,6650000
Daihatsu,Mira,2025,Used,Automatic,Petrol,660,9500,7650000
Land Rover,Discovery Sport,2017,Used,Automatic,Diesel,2000,140000,19500000
Honda,Fit,2013,Used,Automatic,Hybrid,1496,138000,7950000
Toyota,Raize,2026,Brand New,Automatic,Petrol,1200,0,14950000
Kia,Sonet,2026,Brand New,Automatic,Petrol,1000,0,11500000
Kia,Sonet,2026,Brand New,Automatic,Petrol,1000,0,12600000
Honda,Vezel,2025,Reconditioned,Automatic,Hybrid,1500,3200,20100000
Honda,WR-V,2025,Used,Tiptronic,Petrol,1500,4200,16300000
Nissan,Roox,2025,Brand New,Automatic,Hybrid,660,3,8400000
Honda,Vezel,2026,Brand New,Tiptronic,Hybrid,1500,0,19300000
Toyota,Roomy,2023,Reconditioned,Automatic,Petrol,996,17000,10200000
Mercedes Benz,S400,2017,Used,Tiptronic,Hybrid,3000,87000,36500000
Kia,Sonet,2026,Brand New,Automatic,Petrol,990,40,12350000
Suzuki,Alto,2015,Used,Manual,Petrol,800,87000,4195000
Toyota,Hilux,2023,Used,Automatic,Diesel,2400,20000,23000000
Mitsubishi,Lancer,1987,Used,Manual,Petrol,1500,425000,1025000
Toyota,Taisor,2026,Import,Automatic,Hybrid,996,20,11250000
Toyota,Land Cruiser Prado,2004,Used,Manual,Petrol,2700,122006,14250000
Toyota,Taisor,2026,Brand New,Automatic,Petrol,998,60,11975000
Toyota,Roomy,2023,Brand New,Automatic,Petrol,1000,14000,10850000
Toyota,Taisor,2026,Brand New,Automatic,Petrol,1000,0,11900000
Nissan,Dayz,2024,Reconditioned,Automatic,Hybrid,660,7000,8175000
Mazda,Demio,1997,Used,Manual,Petrol,1500,180000,2350000
Toyota,Raize,2026,Import,Automatic,Hybrid,1200,20,13645000
Toyota,Land Cruiser Prado,2016,Used,Automatic,Petrol,2700,57400,36950000
Honda,Vezel,2026,Import,Automatic,Hybrid,1500,20,19178000
Suzuki,Wagon R FX,2024,Brand New,Automatic,Petrol,660,20000,7890000
Suzuki,Wagon R,2025,Brand New,Automatic,Petrol,660,2000,7850000
Honda,Grace,2015,Reconditioned,Automatic,Hybrid,1500,251000,9250000
Toyota,Taisor,2026,Brand New,Automatic,Petrol,1000,50,11890000
Honda,Vezel,2025,Brand New,Tiptronic,Hybrid,1500,17000,18950000
Suzuki,Wagon R Stingray,2018,Used,Automatic,Petrol,660,75000,7500000
Toyota,Aqua,2015,Used,Automatic,Hybrid,1496,147000,8800000
Toyota,Land Cruiser Prado,2003,Used,Automatic,Petrol,3400,142806,17000000
Suzuki,Wagon R,2026,Brand New,Automatic,Petrol,660,0,8390000
Toyota,Land Cruiser Prado,2006,Used,Manual,Petrol,2700,100000,13800000
Audi,A3,2023,Used,Tiptronic,Petrol,1000,33000,21000000
Suzuki,Alto,2015,Used,Manual,Petrol,798,110000,4175000
MG,ZS,2019,Used,Automatic,Petrol,1000,65000,8890000
Toyota,Raize,2026,Brand New,Automatic,Hybrid,1200,5,14875000
Toyota,Land Cruiser Sahara,2025,Brand New,Automatic,Petrol,3500,0,93500000
Audi,Q2,2017,Used,Automatic,Petrol,990,102000,13950000
Honda,Vezel,2026,Brand New,Automatic,Hybrid,1498,500,19900000
Toyota,Roomy,2023,Brand New,Automatic,Petrol,1000,13800,9975000
Honda,Vezel,2025,Reconditioned,Automatic,Petrol,1490,13800,19150000
Toyota,Belta,2007,Used,Automatic,Petrol,1290,206000,6650000
Ford,Ranger,2017,Reconditioned,Manual,Diesel,2200,120000,18500000
Toyota,Raize,2025,Used,Automatic,Petrol,1000,4000,12650000
Honda,Honda Vezel Z Premium,2026,Brand New,Automatic,Petrol Hybrid,1500,010,19450000
Suzuki,Baleno,2019,Used,Automatic,Petrol,1000,59000,8350000
Honda,Vezel,2026,Brand New,Tiptronic,Hybrid,1496,0,20800000
Honda,Fit,2012,Used,Automatic,Hybrid,1300,139000,7075000
Mercedes Benz,GLB,2025,Brand New,Automatic,Petrol,1300,0,39000000
Toyota,Land Cruiser Prado,2017,Used,Automatic,Diesel,3000,132000,53500000
Nissan,Patrol,2010,Used,Automatic,Petrol,4800,85000,26500000
Toyota,CHR,2018,Used,Automatic,Petrol,1190,65000,13200000
Toyota,Raize,2024,Brand New,Automatic,Hybrid,1200,14000,13950000
Toyota,Land Cruiser Sahara,2000,Used,Automatic,Petrol,4700,148000,13300000
Toyota,Raize,2023,Brand New,Automatic,Petrol,998,28,11950000
Daihatsu,Mira,2017,Used,Automatic,Petrol,660,119000,5600000
Honda,Vezel,2026,Brand New,Automatic,Hybrid,1500,0,19400000
Toyota,Allion,2016,Used,Automatic,Petrol,1500,134700,13400000
Toyota,Roomy,2023,Reconditioned,Automatic,Petrol,990,20000,10390000
Kia,Sonet,2026,Brand New,Automatic,Petrol,1000,0,12350000
Volvo,S60,2016,Used,"Automatic Edition: T6 AWD Drive-Engine Performance: 316 HP, 400 Nm, 8-speed automatic gearbox (7,000 RPM) Acceleration: 0 - 100 km/h in 5.6 seconds (Top speed: 250 km/h)",Petrol,2000,31000,15900000
Land Rover,Freelander,2013,Used,Automatic,Diesel,2179,53578,14900000
Mitsubishi,Outlander,2015,Used,Automatic,Hybrid,1990,152500,13400000
Suzuki,Swift,2002,Used,Automatic,Petrol,1300,122750,4195000
Daihatsu,Mira,2026,Brand New,Automatic,Petrol,650,20,7950000
Toyota,Taisor,2026,Brand New,Automatic,Petrol,1000,0,11975000
Daihatsu,Charmant,1982,Used,Manual,Petrol,1300,25000,875000
Suzuki,Alto,2015,Used,Manual,Petrol,800,170000,3900000
Nissan,Dayz,2025,Import,Automatic,Petrol,660,5000,7500000
Suzuki,Wagon R,2025,Import,Automatic,Petrol,660,10000,7550000
Perodua,Axia,2025,Brand New,Automatic,Petrol,1000,13000,8150000
Honda,Vezel,2026,Brand New,Automatic,Hybrid,1500,0,21100000
Micro,Panda,2016,Used,Manual,Petrol,1000,29000,3775000
Toyota,Corolla,2010,Used,Automatic,Petrol,1600,200000,7975000
Toyota,Axio,2014,Used,Automatic,Hybrid,1496,196000,8800000
Toyota,Raize,2020,Used,Automatic,Petrol,1000,59000,10950000
Toyota,Raize,2025,Used,Automatic,Petrol,1000,8000,11650000
Mazda,CX-5,2014,Used,Automatic,Petrol,2000,185999,11750000
Toyota,Roomy,2025,Brand New,Automatic,Petrol,1000,1000,10990000
Jaguar,F-Type,2019,Used,Automatic,Petrol,2000,19000,39700000
Toyota,Urban Cruiser,2026,Brand New,Automatic,Petrol,1000,0,11875000
Suzuki,Swift,2017,Used,Automatic,Petrol,1000,86000,8390000
Toyota,Roomy,2024,Reconditioned,Automatic,Petrol,1000,4000,10590000
Toyota,Taisor,2026,Brand New,Automatic,Petrol,1000,0,11650000
Toyota,Taisor,2026,Brand New,Automatic,Petrol,1000,0,11650000
Mitsubishi,Outlander,2015,Used,Automatic,Petrol,1500,83000,16500000
Toyota,Raize,2026,Brand New,Automatic,Hybrid,1200,0,14625000
Suzuki,Wagon R,2024,Import,Automatic,Petrol,660,7000,7790000
Honda,Vezel,2023,Reconditioned,Automatic,Petrol,1500,25600,18350000
Toyota,Axio,2020,Used,Automatic,Petrol,1300,160000,9975000
Nissan,Other Model,1983,Used,Automatic,Diesel,2289,360000,5500000
Audi,Q3,2026,Brand New,Automatic,Petrol,1400,0,38500000
Mercedes Benz,C160,2017,Used,Automatic,Petrol,1600,102000,17500000
DFSK,Glory,2021,Used,Automatic,Petrol,1500,70000,9900000
BMW,520d,2013,Used,Automatic,Diesel,2000,121000,169000000
Nissan,X-Trail,2026,Brand New,Automatic,Hybrid,1500,0,32000000
Suzuki,Celerio,2015,Used,Automatic,Petrol,1000,124000,5390000
Volkswagen,Tiguan,2026,Brand New,Automatic,Petrol,1500,0,41000000
Maruti Suzuki,800,2010,Used,Manual,Petrol,800,93960,2445000
Kia,Sorento,2025,Used,Automatic,Hybrid,1600,4000,38500000
Jaguar,E-Pace,2020,Reconditioned,Automatic,Petrol,2000,10100,26000000
Land Rover,Range Rover,2019,Used,Automatic,Hybrid,2000,92000,68500000
Nissan,Magnite,2026,Brand New,Automatic,Petrol,1000,0,9775000
Toyota,Harrier,2025,Used,Automatic,Hybrid,2500,5000,42000000
Suzuki,Celerio,2015,Used,Automatic,Petrol,1000,84000,5325000
Toyota,Vitz,2000,Used,Automatic,Petrol,1000,178000,4550000
Honda,Vezel,2026,Brand New,Automatic,Hybrid,1500,0,19850000
Nissan,Dayz,2023,Reconditioned,Automatic,Petrol,660,20000,7585000
Toyota,Taisor,2026,Brand New,Automatic,Hybrid,1000,0,11900000
Land Rover,Defender,2008,Used,Manual,Diesel,2200,98000,27500000
Hyundai,Venue,2025,Brand New,Automatic,Petrol,1000,0,13800000
Toyota,Land Cruiser Prado,2006,Used,Manual,Diesel,3000,210000,18000000
Suzuki,Solio,2016,Used,Automatic,Hybrid,1200,122000,7750000
Ssang Yong,Other Model,2026,Brand New,Automatic,Petrol,1500,0,29500000
Porsche,Panamera,2011,Used,Automatic,Hybrid,3000,74500,27500000
Honda,Fit,2014,Used,Automatic,Hybrid,1500,135000,8950000
Suzuki,Wagon R,2025,Brand New,Automatic,Petrol,650,0,7700000
Nissan,Sunny,2014,Used,Automatic,Petrol,1300,110000,6075000
Hyundai,Venue,2026,Brand New,Automatic,Petrol,1000,0,13600000
Honda,Vezel,2025,Brand New,Automatic,Petrol,1490,0,17900000
Kia,Sonet,2026,Brand New,Automatic,Petrol,1000,0,12650000
Toyota,Belta,2009,Used,Automatic,Petrol,1000,200000,6250000
Suzuki,Wagon R,2025,Reconditioned,Automatic,Petrol,660,7000,8200000
Land Rover,Range Rover,2018,Used,Automatic,Petrol,2000,70000,60000000
Honda,Vezel,2025,Brand New,Automatic,Hybrid,1490,0,17900000
Audi,A3,2024,Reconditioned,Automatic,Petrol,1000,11000,18850000
Suzuki,Ertiga,2015,Used,Manual,Petrol,1400,140000,5675000
Toyota,Vitz,2008,Used,Automatic,Petrol,1000,113000,6000000
Suzuki,Swift,2017,Used,Automatic,Petrol,1000,64200,8590000
Honda,Grace,2018,Used,Automatic,Hybrid,1500,135000,10575000
Toyota,Corolla,2024,Brand New,Automatic,Petrol,1490,0,16000000
Mercedes Benz,EQB,2024,Used,Automatic,Electric,125,10000,32500000
Mercedes Benz,C200,2018,Used,Automatic,Petrol,1497,42773,23850000
Lotus,Eletre R-Dynamic,2024,Brand New / Unregistered,Automatic,Electric,900,6000,175000000
Ford,Everest,2012,Used,Automatic,Diesel,3000,196000,9500000
Ford,Super Duty,2026,Import,Automatic,Diesel,3000,0,36990000
Mercedes Benz,C180,2011,Used,Automatic,Petrol,1800,167000,11750000
Honda,Vezel,2026,Brand New,Automatic,Hybrid,1500,0,21250000
Suzuki,Wagon R,2018,Used,Automatic,Hybrid,660,90308,7150000
Kia,EV5,2024,Brand New,Automatic,Electric,160,0,33500000
Honda,CRV,2018,Used,Automatic,Petrol,1500,160000,17590000
Toyota,Roomy,2023,Reconditioned,Automatic,Petrol,1000,31999,10290000
Daihatsu,Mira,2025,Brand New,Automatic,Petrol,660,0,7200000
Toyota,CHR,2017,Brand New,Automatic,Petrol,1190,0,16500000
Kia,Clarus,2000,Used,Manual,Petrol,1998,245070,2450000
Ford,Ranger,2025,Brand New,Automatic,Diesel,2000,0,29500000
Mercedes Benz,E300,2018,Used,Automatic,Petrol,2000,35000,32500000
Mercedes Benz,GLE 400,2025,Brand New,Automatic,Petrol,2000,0,88500000
Land Rover,Defender,2013,Used,Manual,Diesel,2200,68000,35000000
Kia,Clarus,2000,Used,Manual,Petrol,1998,242570,2450000
Audi,Q7,2017,Used,Automatic,Petrol,2,81000,33000000
Honda,Vezel,2026,Brand New,Automatic,Hybrid,1500,20,18680000
Toyota,Corolla,1984,Used,Manual,Petrol,1300,56230,1250000
Audi,A3,2019,Used,Automatic,Petrol,1000,70000,14850000
Mercedes Benz,EQB,2024,Used,Automatic,Electric,400,37000,36500000
Land Rover,Range Rover Evoque,2025,Brand New,Automatic,Hybrid,1500,0,55000000
Toyota,Raize,2026,Brand New,Automatic,Hybrid,1200,25,14850000
Suzuki,Alto,2011,Used,Manual,Petrol,850,13800,3100000
Toyota,Raize,2026,Brand New,Automatic,Hybrid,1200,20,14650000
Land Rover,Discovery Sport,2025,Brand New (UK Spec Build),Automatic (AWD),Petrol Plug-in Hybrid (PHEV),1500,0,57500000
Kia,Seltos,2026,Brand New,Automatic,Petrol,1500,0,19500000
Toyota,Roomy,2023,Reconditioned,Automatic,Petrol,1000,17000,9490000
Toyota,Prius,2020,Used,Automatic,Hybrid,1798,50000,550000
Suzuki,Wagon R,2026,Brand New,Automatic,Hybrid,660,0,9300000
Toyota,Starlet,1997,Used,Automatic,Petrol,1450,175000,3250000
Audi,Q5,2011,Used,Automatic,Petrol,2000,190000,11500000
Suzuki,Celerio,2026,Brand New,Automatic,Petrol,998,0,8250000
Kia,Syros,2026,Brand New,Automatic,Petrol,1000,0,13750000
Land Rover,Defender,2026,Brand New,Automatic,Hybrid,2000,0,77750000
Toyota,Raize,2020,Used,Automatic,Petrol,1000,64850,10250000
Toyota,Raize,2026,Brand New,Automatic,Hybrid,1200,0,12950000
Toyota,Axio,2007,Used,Automatic,Petrol,1496,158000,7250000
Toyota,Land Cruiser Prado,2014,Used,Automatic,Petrol,2700,96000,32250000
Nissan,X-Trail,2015,Used,Automatic,Hybrid,2000,69000,10575000
Mitsubishi,Eclipse Cross,2018,Used,Automatic,Petrol,1500,88000,13495000
Mitsubishi,Lancer,1985,Used,Manual,Petrol,1500,80000,900000
Suzuki,Wagon R ZX,2025,Used,Automatic,Hybrid,660,4000,9190000
Land Rover,Range Rover Evoque,2026,Brand New,Automatic,Hybrid,1500,0,58000000
Toyota,Raize,2026,Brand New,Automatic,Petrol,1200,0,12950000
Land Rover,Range Rover,2026,Brand New,Automatic,Hybrid,3000,0,245000000
BMW,525i,2025,Brand New,Automatic,Petrol,2000,1000,58500000
Mercedes Benz,Other Model,2026,Brand New,Automatic,Hybrid,4000,0,245000000
Toyota,Vitz,2016,Used,Automatic,Petrol,1000,100000,8150000
Land Rover,Defender,2026,Brand New,Automatic,Hybrid,2000,0,88000000
Mercedes Benz,EQB,2023,Used,Automatic,Electric,140,33250,32000000
Honda,CRZ,2013,Used,Automatic,Hybrid,1500,71000,9100000
Honda,Vezel,2016,Used,Automatic,Petrol,1500,101000,9750000
Honda,Vezel,2024,Reconditioned,Automatic,Hybrid,1500,31500,17535000
Honda,Vezel,2025,Used,Automatic,Petrol,1500,4200,18500000
Toyota,Land Cruiser Prado,2024,Brand New,Automatic,Petrol,2690,0,63500000
Suzuki,Wagon R,2026,Brand New,Automatic,Petrol,660,0,8390000
Honda,Civic,2019,Used,Automatic,Petrol,1000,94000,13900000
Mahindra,Scorpio,2026,Brand New,Automatic,Diesel,2179,0,13385593
Land Rover,Range Rover,2026,Brand New,Automatic,Hybrid,3000,0,165000000
Audi,A3,2023,Brand New,Automatic,Petrol,1000,30000,20000000
BMW,X1,2020,Used,Automatic,Petrol,1500,136000,18500000
Toyota,Raize,2024,Reconditioned,Automatic,Petrol,1200,39000,12850000
Chrysler,300,2007,Used,Automatic,Petrol,3500,175913,8750000
Toyota,Taisor,2026,Brand New,Automatic,Hybrid,1000,0,11800000
BMW,X1,2019,Brand New,Automatic,Petrol,1500,74000,19500000
Honda,CRV,2018,Used,Automatic,Petrol,1500,80000,18000000
Suzuki,Wagon R,2026,Brand New,Automatic,Hybrid,660,0,9390000
Honda,Vezel,2023,Reconditioned,Automatic,Hybrid,1500,5000,17800000
Suzuki,Wagon R FX,2018,Used,Automatic,Hybrid,650,120632,6785000
Ford,Raptor Ranger,2025,Brand New,Automatic,Diesel,2000,0,36000000
Daihatsu,Taft,2025,Brand New,Automatic,Petrol,650,0,8800000
Toyota,Taisor,2026,Brand New,6-Speed Automatic Gearbox with Sporty Steering-Mounted Paddle Shifters,Hybrid,1000,0,11790000
Toyota,Roomy,2024,Import,Automatic,Petrol,1000,20000,8600000
Toyota,Raize,2025,Brand New,Automatic,Petrol,1200,0,13600000
Honda,WR-V,2025,Used,Tiptronic,Petrol,1500,4200,16300000
Suzuki,Celerio,2014,Used,Automatic,Petrol,1000,110000,5485000
Toyota,Tank,2019,Used,Automatic,Petrol,996,75000,8300000
Toyota,Prius,2011,Used,Automatic,Hybrid,1500,198000,9550000
Toyota,Hilux,2026,Brand New,Tiptronic,Diesel,2800,0,33900000
BMW,BMW 740Le Long Wheelbase,2017,Used,Tiptronic,Hybrid,2000,27000,41000000
Honda,Vezel,2026,Brand New,Tiptronic,Hybrid,1500,0,21500000
Suzuki,Wagon R,2018,Used,Automatic,Hybrid,660,145000,6470000
Toyota,Hilux,2026,Brand New,Tiptronic,Diesel,2800,0,34300000
Toyota,Raize,2026,Brand New,Automatic,Hybrid,1200,0,14575000
BYD,Sealion 6,2025,Used,Automatic,Hybrid,1500,10000,20000000
Honda,Vezel,2026,Brand New,Automatic,Hybrid,1500,0,21250000
Toyota,Roomy,2024,Reconditioned,Automatic,Petrol,700,19000,9100000
Toyota,Land Cruiser Prado,2017,Used,Automatic,Petrol,2700,59000,44900000
Hyundai,Alcazar,2026,Brand New,Automatic,Petrol,1500,0,19990000
Proton,Wira,2003,Used,Manual,Petrol,1500,101822,2595000
Nissan,Sunny,2002,Used,Automatic,Petrol,1300,240000,3875000
Volkswagen,Taigun,2026,Brand New,Automatic,Petrol,1000,0,12775000
Mercedes Benz,S560,2019,Used,Automatic,Petrol,4000,50000,135000000
Nissan,AD Wagon,1996,Used,Automatic,Diesel,1500,120000,2630000
BMW,X2,2025,Brand New,Automatic,Petrol,2000,0,64500000
Toyota,Raize,2025,Brand New,Automatic,Hybrid,1190,0,14100000
Toyota,Raize,2026,Brand New,Automatic,Hybrid,1200,0,14450000
Toyota,Raize,2026,Brand New,Automatic,Hybrid,1200,0,14450000
Kia,Sonet,2026,Brand New,Automatic,Petrol,1000,0,11375000
Toyota,Hilux,2008,Used,Manual,Diesel,2500,167000,10500000
BMW,318i,2018,Vehicle maintained to the highest standards and kept in mint condition.,Automatic,Petrol,1500,92000,18550000
Toyota,Roomy,2023,Reconditioned,Automatic,Petrol,1000,9000,9600000
Daihatsu,Mira,2025,Reconditioned,Automatic,Petrol,660,2150,7290000
Audi,A3,2018,Used,Automatic,Petrol,1000,98700,13250000
Toyota,Taisor,2026,Brand New,Automatic,Petrol,1000,0,10975000
Nissan,Navara,2010,Used,Automatic,Diesel,2488,170000,7800000
BYD,Sealion 6,2025,Used,Automatic,Hybrid,1500,14000,23500000
Honda,Vezel,2025,Reconditioned,Automatic,Hybrid,1500,2000,19175000
Toyota,Raize,2025,Reconditioned,Automatic,Petrol,1000,20000,11800000
Mercedes Benz,CLA45,2016,Used,Automatic,Petrol,2000,60000,27500000
Toyota,Land Cruiser Prado,2025,Brand New,Automatic,Petrol,2700,0,62500000
Micro,Rexton,2008,Used,Tiptronic,Diesel,2700,260000,6400000
Nissan,Dayz,2025,Reconditioned,Automatic,Petrol,650,2663,7950000
Toyota,Taisor,2026,Import,Automatic,Hybrid,996,20,11250000
Land Rover,Range Rover Sport,2023,Used,Automatic,Diesel,3000,60000,38800000
Audi,A3,2023,Brand New,Automatic,Petrol,1000,1000,16650000
Ford,Raptor Ranger,2025,Used,Automatic,Petrol,3000,30000,30950000
Suzuki,Wagon R,2026,Brand New,Automatic,Hybrid,650,0,9450000
Toyota,Vitz,2008,Used,Automatic,Petrol,1000,124000,6125000
Mercedes Benz,C180,2010,Used,Automatic,Petrol,1597,89175,10300000
Ford,Raptor Ranger,2025,Brand New,Tiptronic,Diesel,2000,0,40600000
Kia,Carnival,2025,Brand New,Tiptronic,Hybrid,1600,6800,35500000
Hyundai,Accent,2001,Used,Automatic,Petrol,1500,175000,3185000
Toyota,Aqua,2014,Used,Automatic,Hybrid,1496,127335,8300000
Land Rover,Defender,2026,Brand New,Automatic,Hybrid,2000,0,85000000
BMW,730d,2010,Vehicle is in mint condition,Automatic,Diesel,3000,120000,18550000
Mercedes Benz,GLE 400,2026,Brand New,Automatic,Hybrid,2000,0,85000000
Mitsubishi,L200,2018,Used,Automatic,Diesel,2500,150000,16000000
Mercedes Benz,GLE 400,2026,Brand New,Automatic,Hybrid,2000,0,89000000
BMW,X5,2017,Used,Automatic,Petrol,1999,150000,24000000
Honda,Fit,2014,Used,Automatic (Smooth Drive & Gearbox),Hybrid (Petrol) - Highly Economical,1500,153000,8075000
Toyota,Raize,2026,Brand New,Automatic,Hybrid,1200,0,14550000
Audi,A3,2023,Used,Automatic,Hybrid,1000,19500,17500000
Toyota,Raize,2026,Brand New,Automatic,Hybrid,1200,0,14650000
BMW,318i,2018,Vehicle maintained to the highest standards and kept in mint condition.,Automatic,Petrol,1500,73000,19850000
Toyota,Vitz,2007,Used,Automatic,Petrol,1000,170000,5250000
Kia,Sonet,2025,Reconditioned,Tiptronic,Petrol,1000,10000,11650000
Kia,Picanto,2016,Used,Automatic,Petrol,1000,134000,5350000
Audi,Q2,2018,Maintained in excellent condition,Automatic,Petrol,1000,106000,11985000
Hyundai,Santa Fe,2011,Used,Automatic,Petrol,2400,176987,6775000
Mercedes Benz,C200,2014,Used,Automatic,Petrol,1991,85000,20000000
Honda,Vezel,2026,Brand New,Automatic,Hybrid,1500,50,18675000
Nissan,Sunny,1986,Used,Manual,Petrol,1300,96000,1720000
Toyota,Alphard,2014,Used,Automatic,Hybrid,2400,104000,23450000
Honda,Vezel,2026,Brand New,Automatic,Hybrid,1500,0,19475000
BMW,523i,2024,Reconditioned,Automatic,Petrol,2000,16000,52700000
Lexus,LBX,2025,Reconditioned,Automatic,Hybrid,1500,3000,25600000
Mercedes Benz,E200,2025,Reconditioned,Automatic,Petrol,1500,5000,66500000
Audi,Q2,2018,Maintained in excellent condition,Automatic,Petrol,1000,104000,11950000
Kia,Sonet,2026,Brand New,Automatic,Petrol,2026,0,12650000
Honda,Vezel,2026,Brand New,Automatic,Hybrid,1500,0,21250000
Mazda,Familia,1999,Used,Automatic,Petrol,1500,230979,3695000
Zotye,Nomad,2008,Used,Manual,Petrol,1300,56487,3695000
Toyota,Land Cruiser Prado,2017,Used,Automatic,Diesel,3000,64000,50500000
Suzuki,Swift,2005,Used,Automatic,Petrol,1300,150000,5875000
Toyota,Raize,2026,Brand New,Automatic,Hybrid,1200,20,14975000
BMW,X1,2018,Used,Automatic,Petrol,1500,70000,16000000
Nissan,Sunny,1997,Used,Automatic,Diesel,1999,30000,2600000
Toyota,Land Cruiser Prado,1995,Used,Manual,Diesel,3000,137000,16000000
Mitsubishi,Montero,2013,Used,Tiptronic,Diesel,3200,147000,23750000
Toyota,Land Cruiser,2016,Used,Automatic,Diesel,4500,82000,75000000
Peugeot,5008,2020,Used,Automatic,Petrol,1200,130000,17000000
Toyota,Raize,2024,Reconditioned,Automatic,Petrol,1200,40000,12850000
Suzuki,Fronx,2026,Brand New,Automatic,Hybrid,1000,0,11350000
Suzuki,Alto,2014,Used,Manual,Petrol,800,150000,4000000
Nissan,Dayz,2015,Used,Automatic,Petrol,650,57978,6495000
Mercedes Benz,S580e,2027,Brand New,Automatic,Hybrid,3000,0,165000000
DFSK,Glory,2021,Used,Automatic,Petrol,1500,46000,9250000
Nissan,Dayz,2024,Reconditioned,Automatic,Hybrid,660,7000,8175000
Toyota,Raize,2023,Brand New,Automatic,Petrol,1200,8000,13600000
Toyota,Vitz,2019,Used,Automatic,Petrol,1000,60000,9250000
Honda,Fit,2010,Used,Automatic,Petrol,1300,180392,6500000
Ford,Ranger,2015,Used,Manual,Diesel,3200,114000,14800000
Mazda,6,2008,Used,Automatic,Petrol,1999,129900,6150000
Perodua,Viva Elite,2011,Used,Automatic,Petrol,1000,118462,4595000
Mercedes Benz,S580e,2027,Brand New,Automatic,Hybrid,3000,0,229000000
Toyota,Roomy,2026,Brand New,Automatic,Petrol,990,0,12600000
Audi,Q5,2011,Used,Automatic,Petrol,2000,190000,11500000
Honda,Vezel,2026,Brand New,Automatic,Hybrid,1500,0,18775000
Honda,Vezel,2026,Import,Automatic,Hybrid,1500,4,20250000
Mercedes Benz,C200,2019,Used,9G-TRONIC 9-speed automatic transmission & triptronic,Petrol,1500,73000,23500000
Land Rover,Range Rover Evoque,2026,Brand New,Automatic,Hybrid,1500,0,58000000
Land Rover,Defender,2025,Used,Automatic,Petrol,2500,10000,80000000
Honda,CRV,2025,Brand New,Automatic,Petrol,1500,0,31600000
Mercedes Benz,SLC 180,2018,Used,Tiptronic,Petrol,1800,28000,23500000
Toyota,Roomy,2024,Used,Automatic,Petrol,1000,9862,11095000
Honda,Vezel,2025,Brand New,Automatic,Hybrid,1500,12000,18275000
BMW,520i,2025,Brand New,Automatic,Hybrid,2000,0,67900000
BMW,520i,2025,Brand New,Automatic,Hybrid,2000,0,62000000
BMW,530i,2017,Used,Automatic,Petrol,1998,24000,32000000
Honda,N-WGN,2025,Brand New,Automatic,Petrol,660,250,8500000
Mitsubishi,Eclipse Cross,2019,Used,Automatic,Petrol,1500,85000,13500000
Honda,CRV,2018,Used,Automatic,Petrol,1500,67000,17500000
Toyota,Roomy,2023,Reconditioned,Automatic,Petrol,1000,31000,9585000
Audi,A4,2018,Used,Automatic,Petrol,1400,133419,17750000
Honda,Vezel,2025,Reconditioned,Automatic,Petrol,1490,13800,19150000
Honda,Vezel,2026,Brand New,Automatic,Hybrid,1500,0,21250000
Honda,Vezel,2026,Brand New,Automatic,Hybrid,1500,0,21200000
Daihatsu,Thor,2024,Reconditioned,Automatic,Petrol,1000,9000,9850000
Daihatsu,Mira,2025,Brand New,Automatic,Petrol,660,657,7290000
Honda,HR-V,2026,Brand New,Automatic,Hybrid,1500,1,19600000
Honda,Fit,2012,Used,Automatic,Hybrid,1330,123000,6675000
Honda,CRV,2019,Used,Automatic,Petrol,1500,44000,16975000
Mercedes Benz,C200,2025,Used,Automatic,Petrol,1500,1000,46900000
BAIC,X55 II,2025,Used,Automatic,Petrol,1498,11276,14800000
BAIC,X55 II,2024,Used,Automatic,Petrol,1498,10742,14750000
Mini,Cooper,1993,Used,Manual,Petrol,1275,15000,5950000
Mitsubishi,Lancer,1988,Used,Manual,Petrol,1500,300000,1100000
Toyota,Raize,2024,Used,Automatic,Hybrid,1200,3619,14090000
Nissan,X-Trail,2016,Reconditioned,Automatic,Hybrid,2000,126823,9850000
Land Rover,Range Rover,2026,Import,Automatic,Hybrid,3000,0,162500000
BMW,525i,2025,Brand New,Automatic,Petrol,2000,0,59500000
Toyota,Vios,2007,Used,Automatic,Petrol,1500,75000,6900000
Land Rover,Range Rover Sport,2019,Used,Automatic,Diesel,1990,91000,55000000
Nissan,X-Trail,2015,Well-maintained and in mint condition,Automatic,Hybrid,2000,113000,9500000
Mitsubishi,Outlander,2015,Used,Automatic,Hybrid,2000,104000,14950000
Land Rover,Range Rover Sport,2018,Used,Automatic,Petrol,2000,87000,64500000
Toyota,Hilux,2016,Used,Manual,Diesel,2400,113672,18000000
Tata,Xenon,2011,Used,Automatic,Petrol,3000,170000,4750000
Toyota,Yaris Cross,2024,Used,Automatic,Petrol,1500,11000,17350000
Land Rover,Defender,2015,Used,Manual,Diesel,2200,76000,32500000
Kia,Sorento,2012,Used,Automatic,Diesel,2200,140937,11850000
Audi,A5,2018,Used,Automatic,Petrol,1400,78000,22500000
Nissan,Roox,2024,Reconditioned,Automatic,Hybrid,658,28000,8950000
Nissan,Bluebird,2011,Used,Automatic,Petrol,1500,171063,7500000
Perodua,Axia,2019,Used,Automatic,Petrol,1000,91100,6700000
Kia,Sonet,2026,Brand New,Automatic,Petrol,1000,0,12550000
Audi,Q7,2017,Used,Automatic,Petrol,2000,78000,29000000
Nissan,Magnite,2025,Brand New,Automatic,Petrol,1000,0,9790000
Land Rover,Range Rover,2019,Used,8-speed Automatic with All Wheel Drive,Petrol,2000,47000,90000000
Audi,A5,2017,Used,Automatic,Petrol,2000,55000,31490000
Suzuki,Fronx,2026,Brand New,Automatic,Petrol,1000,0,11775000
Land Rover,Discovery Sport,2025,Brand New (UK Spec Build),Automatic (AWD),Petrol Plug-in Hybrid (PHEV),1500,0,57500000
Honda,Vezel,2026,Brand New,Automatic,Hybrid,1500,0,21150000
Suzuki,Wagon R,2026,Brand New,Automatic,Petrol,650,0,8240000
Micro,Korondo,2015,Used,Automatic,Diesel,2000,132618,6950000
Kia,Sorento,2012,Used,Automatic,Diesel,2200,165000,12250000
Suzuki,Wagon R,2026,Brand New,Automatic,Petrol,650,0,8260000
Toyota,Raize,2024,Used,Automatic,Petrol,1000,30000,12290000
Mitsubishi,eK Space,2024,Import,Automatic,Hybrid,659,4407,8350000
Nissan,Magnite,2025,Brand New,Automatic,Petrol,1000,0,9790000
Toyota,Raize,2026,Brand New,Automatic,Hybrid,1200,0,15300000
Suzuki,XBee,2019,Used,Automatic,Hybrid,998,73000,8250000
Jaguar,X-Type,2003,Used,Automatic,Petrol,2099,124000,6000000
Toyota,Hilux,2025,Used,Automatic,Diesel,2800,1800,23800000
Suzuki,Alto,2025,Used,Automatic,Hybrid,660,8000,7150000
Nissan,Dayz,2025,Import,Automatic,Hybrid,660,2100,8800000
Toyota,Premio,2013,Brand New,Automatic,Petrol,1500,75000,11490000
Toyota,Yaris,2024,Brand New,Automatic,Petrol,1000,55000,9275000
Suzuki,Alto,2024,Reconditioned,Automatic,Hybrid,660,3800,7090000
Toyota,Raize,2026,Brand New,CVT Automatic,Hybrid,1200,25,14100000
Toyota,Raize,2025,Brand New,Automatic,Hybrid,1200,0,14500000
Toyota,Raize,2026,Brand New,Automatic,Petrol,1200,0,14800000
Toyota,Hilux,2026,Import,Automatic,Diesel,2800,20,28450000
Land Rover,Defender,2025,Brand New,Automatic,Petrol,2000,0,77000000
Toyota,Raize,2026,Brand New,Automatic,Hybrid,1200,20,14600000
Zotye,Nomad,2013,Used,Manual,Petrol,1300,127000,3650000
BMW,X1,2018,Used,Automatic,Petrol,1500,90000,16500000
Nissan,Roox,2023,Reconditioned,Automatic,Petrol,660,30000,8800000
Volkswagen,T-Cross,2024,Reconditioned,DSG Automatic,Petrol,1000,6500,12500000
Hyundai,Sonata,2001,Used,Automatic,Petrol,1997,175000,2885000
Toyota,"Toyota Hilux Z ""Adventure""",2026,Brand New (0 KM),6-Speed Automatic,Diesel,2800,0,29500000
Suzuki,Wagon R FX,2025,Brand New,Automatic,Petrol,650,1500,7650000
Toyota,Raize,2023,Reconditioned,Automatic,Petrol,1000,20113,13595000
Nissan,Sunny,1987,Used,Manual,Petrol,1480,177304,1875000
Nissan,Magnite,2026,Brand New,Automatic,Petrol,1000,0,8790000
Toyota,Corolla,2009,Used,Automatic,Petrol,1800,126497,7400000
Toyota,Aqua,2014,Used,Automatic,Hybrid,1500,194000,8085000
Land Rover,Range Rover Sport,2019,Used,Tiptronic,Hybrid,2000,57000,48500000
Audi,Q7,2025,Brand New,Automatic,Petrol,2000,0,74500000
Nissan,Dayz,2024,Brand New,Automatic,Hybrid,650,25000,8650000
Toyota,Raize,2025,Used,Automatic,Petrol,1200,5000,14300000
Mitsubishi,eK Wagon,2025,Reconditioned,Automatic,Petrol,660,3000,7150000
Honda,Vezel,2026,Brand New,Automatic,Hybrid,1500,1,19500000
Toyota,Raize,2024,Reconditioned,Automatic,Hybrid,1200,2100,13900000
Toyota,Verossa,2001,Used,Automatic,Petrol,2000,228697,5800000
Honda,Vezel,2026,Brand New,Automatic,Petrol,1500,0,21000000
Mitsubishi,Montero,2015,Used,Automatic,Diesel,3000,232981,29000000
Toyota,Yaris,2007,Used,Manual,Petrol,1300,215063,6000000
Jaguar,X-Type,2003,Used,Automatic,Petrol,2099,124000,6000000
Mahindra,Scorpio,2026,Brand New,Automatic,Diesel,2179,0,13385593
Nissan,Dayz,2024,Brand New,Automatic,Hybrid,650,25000,8650000
Toyota,Raize,2025,Used,Automatic,Petrol,1200,5000,14300000
Mitsubishi,eK Wagon,2025,Reconditioned,Automatic,Petrol,660,3000,7150000
Honda,Vezel,2026,Brand New,Automatic,Hybrid,1500,1,19500000
Toyota,Raize,2024,Reconditioned,Automatic,Hybrid,1200,2100,13900000
Toyota,Verossa,2001,Used,Automatic,Petrol,2000,228697,5800000
Honda,Vezel,2026,Brand New,Automatic,Petrol,1500,0,21000000
Mitsubishi,Montero,2015,Used,Automatic,Diesel,3000,232981,29000000
Toyota,Yaris,2007,Used,Manual,Petrol,1300,215063,6000000
Mercedes Benz,CLA 180,2020,Used,Automatic,Hybrid,1400,33600,22450000
Kia,Sonet,2026,Brand New,Automatic,Petrol,1000,0,12600000
Honda,Vezel,2026,Brand New,Automatic,Hybrid,1500,0,21500000
Audi,Q3,2018,Used,Automatic,Petrol,1400,81000,14000000
Toyota,CHR,2018,Used,Automatic,Petrol,1200,90100,12875000
Toyota,Raize,2026,Brand New,Automatic,Hybrid,1200,0,14900000
Perodua,Axia,2017,Used,Automatic,Petrol,1000,162000,6000000
Toyota,Raize,2023,Reconditioned,Automatic,Petrol,1200,15000,13100000
Honda,Grace,2017,Used,Automatic,Hybrid,1500,91200,10450000
Mitsubishi,eK Wagon,2023,Reconditioned,Automatic,Petrol,660,21000,6885000
Mercedes Benz,E350,2007,Used,Automatic,Petrol,3000,130000,9000000
Honda,Fit,2015,Used,Automatic,Hybrid,1500,107100,8350000
Daihatsu,Mira,2025,Brand New,Automatic,Petrol,660,8,7350000
Honda,Fit,2015,Used,Automatic,Hybrid,1500,90100,8750000
Suzuki,Fronx,2026,Brand New,Automatic,Petrol,1000,0,11775000
Toyota,Prius,2008,Used,Automatic,Hybrid,1500,267411,6675000
BYD,Sealion 6,2024,Used,Automatic,Petrol,1500,10000,20250000
Suzuki,Wagon R,2026,Brand New,Automatic,Hybrid,660,0,9300000
Mercedes Benz,GLB,2025,Brand New,Automatic,Petrol,1300,0,39000000
Honda,Vezel,2026,Brand New,Automatic,Petrol,1500,0,21250000
Nissan,Dayz,2025,Brand New,Automatic,Hybrid,660,2000,8650000
MG,ZS,2019,Used,Automatic,Petrol,1000,98000,9150000
Nissan,Magnite,2025,Brand New,Automatic,Petrol,1000,0,8790000
Toyota,Premio,2014,Used,Automatic,Petrol,1500,154924,12675000
Toyota,Land Cruiser Prado,2014,Used,Automatic,Diesel,3000,90000,36500000
Kia,Sonet,2026,Brand New,Automatic,Petrol,1000,0,12650000
Honda,Vezel,2026,Brand New,Automatic,Hybrid,1500,12,19390000
Toyota,Raize,2026,Brand New,Automatic,Hybrid,1200,5,14390000
Maruti Suzuki,800,2000,Used,Manual,Petrol,800,120000,1895000
Tesla,Model Y,2023,Used,Automatic,Electric,194,16000,26500000
Kia,Sorento,2015,Used,Automatic,Diesel,2200,97000,18600000
Toyota,Raize,2025,Brand New,Automatic,Hybrid,1200,12,14250000
Land Rover,Defender,2012,Used,Manual,Diesel,2200,168000,26000000
Daihatsu,Mira,2025,Reconditioned,Automatic,Petrol,660,2000,6800000
Audi,A3,2018,Used,Automatic,Petrol,1000,64000,10500000
Toyota,Roomy,2023,Reconditioned,Automatic,Petrol,1000,8000,9800000
Nissan,March,1999,Used,Automatic,Petrol,998,142000,3500000
Suzuki,Alto,2016,Used,Manual,Petrol,880,160000,4375000
Honda,Vezel,2026,Brand New,Automatic,Hybrid,1500,1,19500000
Honda,Vezel,2026,Brand New,Automatic,Hybrid,1500,0,21050000
Honda,Vezel,2026,Brand New,Automatic,Petrol,1500,0,18800000
Kia,Sorento,2013,Used,Automatic,Diesel,2200,181000,10790000
Mercedes Benz,S580e,2025,Brand New,Automatic,Petrol,3000,0,159500000
Honda,Vezel,2026,Brand New,Automatic,Hybrid,1500,0,19450000
Toyota,Raize,2026,Brand New,Automatic,Petrol,1200,0,14800000
Suzuki,Wagon R,2016,Used,Automatic,Hybrid,650,65000,6200000
Mercedes Benz,C180,2017,Used,Automatic,Petrol,1600,79000,19500000
Mitsubishi,Montero,2017,Used,Automatic,Diesel,2400,180000,23900000
Toyota,Raize,2026,Brand New,Automatic,Hybrid,1200,12,15500000
Nissan,Magnite,2025,Brand New,Automatic,Petrol,1000,0,8790000
Toyota,Yaris,2025,Used,Automatic,Petrol,990,15000,10250000
Toyota,Yaris,2025,Brand New,Automatic,Petrol,1000,0,10300000
Suzuki,Wagon R ZX,2026,Brand New,Automatic,Hybrid,650,0,9525000
Nissan,Dayz,2023,Reconditioned,Automatic,Petrol,660,7648,7695000
Micro,Kyron,2009,Used,Automatic,Diesel,2000,133000,5700000
Suzuki,Wagon R,2024,Import,Automatic,Petrol,660,15600,7595000
Honda,CRV,2018,Used,Automatic,Petrol,1500,120000,16900000
Suzuki,Alto,2026,Brand New,Automatic,Petrol,998,0,7195000
Toyota,Land Cruiser,2025,Brand New,Automatic,Petrol,2690,4500,62850000
Toyota,Hilux,2026,Brand New,Automatic,Diesel,2800,0,32500000
Nissan,Almera,2025,Brand New,Automatic,Petrol,1000,0,13650000
Nissan,Sunny,2003,Used,Automatic,Petrol,1500,71179,5475000
Nissan,Magnite,2025,Brand New,Automatic,Petrol,1000,0,8790000
Toyota,Land Cruiser Prado,2014,Used,Automatic,Diesel,3000,138000,36590000
Honda,Vezel,2025,Brand New,Automatic,Hybrid,1500,0,20550000
BMW,X2,2019,Used,Automatic,Petrol,1500,78200,19200000
Nissan,Wingroad,2000,Used,Manual,Petrol,1500,152000,3600000
Suzuki,Spacia,2024,Brand New,Automatic,Hybrid,660,400,9500000
Nissan,Magnite,2025,Brand New,Automatic,Petrol,1000,0,9790000
Toyota,Land Cruiser Prado,2026,Brand New,Automatic,Petrol,2700,0,62500000
Nissan,X-Trail,2013,Used,Tiptronic,Diesel,2000,169000,9990000
Suzuki,Wagon R ZX,2024,Import,Automatic,Hybrid,660,33000,8200000
BMW,740Le,2017,Used,Automatic,Petrol,2000,50000,39800000
Toyota,Land Cruiser Prado,2016,Used,Tiptronic,Petrol,2700,21000,39000000
Honda,Vezel,2026,Brand New,Automatic,Hybrid,1500,50,18675000
Toyota,Land Cruiser,2011,Used,Automatic,Diesel,4500,260000,42500000
Toyota,Roomy,2025,Brand New,Automatic,Petrol,1000,0,11550000
Suzuki,Fronx,2026,Brand New,Automatic,Petrol,1000,0,11775000
Mitsubishi,Montero,2007,Used,Automatic,Petrol,3000,160000,14990000
Toyota,Roomy,2024,Reconditioned,Automatic,Petrol,1000,19000,8990000
Ssang Yong,Rexton,2009,Used,Automatic,Diesel,2700,205000,7200000
Toyota,Land Cruiser,2025,Brand New,Automatic,Petrol,3500,3000,93500000
Peugeot,5008,2019,Used,Automatic,Petrol,1200,63000,15500000
Mitsubishi,Eclipse Cross,2020,Used,Automatic,Petrol,1500,98563,11000000
Toyota,3BA-VJA300W,2024,Brand New,Automatic,Diesel,3600,17300,92500000
Peugeot,3008,2018,Used,Automatic,Petrol,1198,82318,14700000
Kia,Sonet GTX+,2026,Brand New,Automatic,Petrol,1000,0,12600000
Honda,Vezel,2016,Used,Automatic,Hybrid,1500,111500,9850000
Honda,Civic,2018,Used,Automatic,Petrol,1000,73000,13090000
Honda,Civic,2006,Used,Automatic,Petrol,1800,113000,7450000
Land Rover,Defender,2025,Brand New,Automatic,Petrol,2000,0,73000000
Toyota,Yaris,2024,Reconditioned,Automatic,Petrol,1000,11911,10290000
Land Rover,Range Rover,2020,Used,Automatic,Petrol,2000,25000,89500000
Daihatsu,Mira,2024,Reconditioned,Automatic,Petrol,660,10000,7450000
Daihatsu,Mira,2025,Reconditioned,Automatic,Petrol,660,17000,7250000
Daihatsu,Move,2025,Reconditioned,Automatic,Petrol,660,2000,8200000
Toyota,Corolla,1997,Used,Automatic,Petrol,1500,170043,4395000
Toyota,Aqua,2012,Used,Automatic,Hybrid,1490,154000,7375000
Toyota,Roomy,2023,Used,Automatic,Petrol,1000,21000,11200000
Toyota,Corolla,2008,Used,Automatic,Petrol,1600,111000,6990000
Toyota,Yaris,2024,Brand New,Automatic,Petrol,1000,55000,9275000
Suzuki,Wagon R,2025,Reconditioned,Automatic,Petrol,660,8400,7750000
Honda,Vezel,2024,Import,Automatic,Hybrid,1500,25000,15880000
Honda,Vezel,2026,Brand New,Automatic,Hybrid,1500,0,21200000
Toyota,Urban Cruiser Taisor,2026,Brand New,Automatic,Petrol,1000,35,11900000
Toyota,Taisor,2026,Brand New,Automatic,Hybrid,1000,0,11850000
Hyundai,Getz,2002,Used,Automatic,Petrol,1300,183524,3365000
Toyota,Yaris Cross,2023,Reconditioned,Automatic,Hybrid,1500,7100,16250000
Mercedes Benz,C200,2019,Used,Automatic,Petrol,1500,10700,29800000
Honda,Vezel,2025,Brand New,Automatic,Hybrid,1500,0,18300000
Kia,Sorento,2011,Used,Automatic,Petrol,2400,147000,9350000
Suzuki,Alto,2024,Reconditioned,Automatic,Petrol,660,2600,6650000
Suzuki,Estilo,2010,Used,Manual,Petrol,998,160300,4000000
Nissan,Dayz,2025,Brand New,Automatic,Hybrid,660,0,8900000
Suzuki,XBee,2024,Brand New,Automatic,Hybrid,1000,1000,11700000
Honda,Vezel,2024,Import,Automatic,Hybrid,1500,25000,15535000
Toyota,Land Cruiser Prado,2015,Used,Automatic,Diesel,3000,150000,39000000
Toyota,Raize,2024,Import,Automatic,Hybrid,1200,2290,13800000
Kia,Sportage,2018,Used,Automatic,Petrol,2000,91000,13900000
Suzuki,Wagon R ZX,2026,Brand New,Automatic,Hybrid,660,0,9500000
DFSK,Glory,2023,Used,Automatic,Petrol,1500,44000,10590000
Mitsubishi,eK Wagon,2024,Reconditioned,Automatic,Petrol,660,3900,7450000
Honda,Civic,1990,Used,Manual,Petrol,1450,145000,1450000
Nissan,Sunny,2000,Used,Automatic,Petrol,1500,224000,4300000
Kia,Sorento,2014,Used,Automatic,Diesel,2200,129000,12950000
BMW,318i,2016,Used,Automatic,Petrol,1500,100000,17850000
Nissan,B11,1987,Reconditioned,Manual,Petrol,1500,40000,1100000
Daihatsu,Mira,2025,Import,Automatic,Petrol,658,10000,6900000
Toyota,Premio,2016,Used,Automatic,Petrol,1500,108000,15200000
Nissan,Aura,2024,Reconditioned,Automatic,Hybrid,1200,23000,13950000
Nissan,Teana,2010,Used,Automatic,Petrol,2500,167000,8950000
Mitsubishi,Outlander,2014,Used,Automatic,Hybrid,2000,73000,13900000
Honda,Vezel,2023,Brand New,Automatic,Hybrid,1500,33000,17575000
Suzuki,Alto,2025,Brand New,Automatic,Petrol,660,2000,6875000
Daihatsu,Taft,2024,Brand New,Automatic,Petrol,660,24000,8375000
Toyota,Camry,2010,Used,Automatic,Petrol,2400,127000,7990000
Honda,Vezel,2025,Used,Tiptronic,Hybrid,1500,7800,17490000
Honda,Vezel,2024,Reconditioned,Automatic,Hybrid,1500,13100,19750000
Land Rover,Discovery,2014,Used,Automatic,Diesel,3000,150000,30590000
Mercedes Benz,C180,2023,Used,Automatic,Petrol,1500,18000,32000000
Suzuki,Vitara,2013,Used,Automatic,Petrol,2000,132000,8750000
Toyota,Aqua,2014,Used,Automatic,Hybrid,1496,145000,7400000
Land Rover,Range Rover,2019,Used,Automatic,Hybrid,2000,92000,71000000
Suzuki,Wagon R FZ,2016,Used,Automatic,Petrol,650,98000,6000000
Honda,Vezel,2026,Brand New,Automatic,Petrol,1000,0,19450000
Audi,Q7,2015,Used,Automatic,Petrol,3000,161000,23500000
Toyota,Axio,2014,Used,Automatic,Hybrid,1490,226500,8300000
Land Rover,Defender,2026,Brand New,Automatic,Hybrid,2000,0,82500000
Nissan,Note,2024,Reconditioned,Automatic,Hybrid,1200,4837,17450000
Honda,Civic,2008,Used,Automatic,Petrol,1800,202000,7550000
Toyota,Taisor,2026,Brand New,Automatic,Petrol,1000,0,11900000
Audi,A3,2023,Reconditioned,Automatic,Petrol,1000,36500,18300000
Toyota,Land Cruiser Prado,2009,Used,Automatic,Petrol,2700,179353,22750000
Toyota,Roomy,2023,Reconditioned,Automatic,Petrol,1000,18000,10550000
Toyota,Raize,2026,Brand New,Automatic,Hybrid,1200,0,14500000
Honda,Vezel,2026,Brand New,Automatic,Petrol,1500,0,17350000
Mitsubishi,Eclipse Cross,2018,Used,Automatic,Petrol,1500,90000,12750000
Honda,Vezel,2026,Import,Automatic,Hybrid,1500,60,19150000
Toyota,Taisor,2026,Brand New,Automatic,Petrol,1000,0,10800000
Toyota,Taisor,2026,Brand New,Automatic,Hybrid,1000,0,11850000
Toyota,Land Cruiser Sahara,2003,Used,Automatic,Petrol,4700,121000,16700000
Nissan,Patrol,2008,Used,Automatic,Diesel,3000,235000,21750000
Toyota,Roomy,2024,Used,Automatic,Petrol,1000,5000,9600000
Toyota,Taisor,2026,Brand New,Automatic,Petrol,1000,0,11950000
Honda,BR-V,2017,Used,Automatic,Petrol,1500,75000,9975000
Kia,Sonet,2026,Brand New,Automatic,Petrol,1000,45,11550000
Toyota,Yaris,2023,Used,Automatic,Petrol,1000,34000,9100000
Audi,Other Model,2024,Used,Tiptronic,Electric,500,6500,69500000
Suzuki,Alto,2017,Used,Manual,Petrol,800,67000,4750000
Toyota,Yaris,2023,Reconditioned,Automatic,Petrol,1000,9000,9100000
Toyota,Land Cruiser Sahara,2013,Reconditioned,Automatic,Diesel,4500,81000,47500000
Kia,Sorento,2012,Used,Automatic,Diesel,2199,155000,10900000
Mercedes Benz,CLA 180,2017,Used,Automatic,Petrol,1590,91980,17900000
Honda,Vezel,2026,Brand New,Automatic,Hybrid,1500,0,19490000
Nissan,Dayz,2025,Brand New,Automatic,Petrol,660,0,8590000
Audi,A3,2024,Brand New,Automatic,Petrol,1000,10500,17500000
Honda,Fit,2015,Used,Automatic,Hybrid,1500,128000,8300000
Suzuki,Wagon R ZX,2026,Brand New,Automatic,Hybrid,660,0,9575000
Kia,Sonet,2026,Brand New,Automatic,Petrol,1000,0,12500000
Toyota,Taisor,2026,Brand New,Automatic,Petrol,1000,1,11785000
Honda,Vezel,2026,Brand New,Automatic,Hybrid,1500,0,21190000
Toyota,Taisor,2026,Brand New,Automatic,Petrol,1000,0,11875000
Toyota,Taisor,2026,Brand New,Automatic,Petrol,1000,0,11890000
Suzuki,Wagon R ZX,2026,Brand New,Automatic,Hybrid,660,0,9390000
Mitsubishi,Eclipse Cross,2018,Used,Automatic,Petrol,1500,90000,12750000
Honda,Vezel,2026,Brand New,Automatic,Hybrid,1500,0,21200000
Mercedes Benz,C200,2013,Used,Automatic,Diesel,2200,108000,11200000
Toyota,Raize,2026,Brand New,Automatic,Hybrid,1200,0,14500000
Honda,Vezel,2026,Brand New,Automatic,Hybrid,1500,0,21290000
Mitsubishi,Outlander,2016,Used,Automatic,Hybrid,2000,131000,13100000
Toyota,UrbanCruiser Hyryder,2026,Brand New,Automatic,Petrol,1500,0,18250000
Suzuki,Alto,2024,Reconditioned,Automatic,Petrol,660,5000,6890000
Honda,Vezel,2025,Used,Automatic,Hybrid,1500,19000,18350000
BMW,X5,2017,Used,Automatic,Petrol,2000,60000,26500000
Lexus,LX600,2025,Brand New,Automatic,Petrol,3500,3000,135000000
Audi,A5,2019,Used,Automatic,Petrol,1395,71000,25000000
Nissan,ROOX HIGHWAY STAR X,2024,Import,Automatic,Petrol,660,0,8900000
Kia,Sportage,2013,Used,Automatic,Diesel,2000,134000,9850000
Honda,Fit Shuttle,2013,Used,Automatic,Petrol,1200,142471,9175000
Toyota,Raize,2026,Brand New,Tiptronic,Hybrid,1200,0,13950000
Toyota,Roomy,2023,Brand New,Automatic,Petrol,996,0,9950000
Land Rover,Range Rover,2016,Used,Automatic,Petrol,2000,66000,65000000
Honda,Vezel,2015,Used,Automatic,Hybrid,1500,84500,11200000
Honda,Vezel,2023,Reconditioned,Automatic,Hybrid,1500,9000,19750000
Honda,Vezel,2025,Brand New,Automatic,Hybrid,1500,0,20490000
Ssang Yong,Korando,2012,Used,Automatic,Diesel,1998,183000,5850000
Kia,Sonet,2026,Brand New,Automatic,Petrol,1000,51,13200000
Mazda,Demio,2007,Used,Automatic,Petrol,1340,175000,5500000
Tata,Nano,2012,Used,Manual,Petrol,624,240000,1500000
Toyota,CHR,2017,Used,Automatic,Petrol,1200,102734,13500000
Hyundai,Venue,2026,Brand New,Automatic,Petrol,1000,0,13850000
Suzuki,Wagon R,2026,Brand New,Automatic,Hybrid,660,0,9300000
Nissan,Bluebird,2011,Used,Automatic,Petrol,1500,171063,7500000
Honda,Vezel,2026,Brand New,Automatic,Hybrid,1500,0,21200000
Suzuki,Other Model,2025,Brand New,Automatic,Petrol,650,1200,5700000
Toyota,Aqua,2014,Used,Automatic,Hybrid,1496,62000,8500000
Honda,Vezel,2026,Brand New,Automatic,Hybrid,1500,0,19375000
BMW,Other Model,2025,Brand New,Tiptronic,Petrol,2000,0,62500000
Toyota,Land Cruiser Prado,2017,Used,Automatic,Petrol,2700,79000,41000000
BYD,Sealion 6,2025,Used,Automatic,Hybrid,1500,19000,20800000
Toyota,Raize,2026,Brand New,Automatic,Petrol,1000,18,14100000
Toyota,Urban Cruiser Taisor 1.0L,2026,Brand New,Automatic,Petrol,1000,0,11290000
Toyota,Corolla,1985,Used,Manual,Petrol,1300,273000,1800000
Toyota,Vitz,2017,Original interior in superb condition,Automatic,Petrol,1000,89340,8000000
Toyota,Camry,2004,Used,Automatic,Petrol,2362,285000,6500000
Toyota,Prius,2012,Used,Automatic,Hybrid,1798,194370,9750000
Land Rover,Defender,2026,Brand New,Automatic,Hybrid,2000,0,78500000
Honda,Honda Vezel Z Premium,2026,Brand New,Automatic,Petrol Hybrid,1498,010,19475000
Toyota,Taisor,2025,Brand New,Automatic,Petrol,1000,0,11500000
Kia,Rio,2004,Used,Automatic,Petrol,1500,149000,2625000
Suzuki,Every,2026,Brand New,Automatic,Petrol,650,0,10800000
Toyota,Raize,2025,Brand New,Automatic,Hybrid,1200,3,15100000
Daihatsu,Move,2015,Used,Automatic,Petrol,660,117918,5700000
Daihatsu,Mira,2026,Brand New,CVT automatic,Petrol,660,0,7975000
Suzuki,Wagon R FX,2025,Import,Automatic,Petrol,660,10000,7400000
Micro,Panda,2011,Used,Manual,Petrol,1000,118000,2695000
Toyota,Corolla,2007,Used,Automatic,Petrol,1600,190000,6300000
Ford,Super Duty,2026,Brand New,Automatic,Diesel,3000,0,36990000
Suzuki,Wagon R,2024,Reconditioned,Automatic,Petrol,660,2600,7350000
Nissan,Bluebird,2011,Used,Automatic,Petrol,1500,171063,7500000
Ford,Super Duty,2026,Import,Automatic,Diesel,3000,0,36990000
Honda,Vezel,2026,Import,Automatic,Hybrid,1500,60,19150000
Toyota,Corolla,2007,Used,Automatic,Petrol,1600,190000,6300000
Mitsubishi,eK Wagon,2024,Reconditioned,Automatic,Petrol,650,10200,7550000
Audi,A3,2024,Used,Automatic,Petrol,1000,17000,17000000
Audi,Q2,2017,Used,Automatic,Petrol,990,156166,11000000
Toyota,Raize,2026,Brand New,Automatic,Hybrid,1200,4,13990000
Toyota,Urban Cruiser Taisor 1.0L,2026,Brand New,Automatic,Petrol,1000,0,11290000
Suzuki,Wagon R FZ,2016,Used,Automatic,Petrol,660,95200,6400000
Mitsubishi,eK Wagon,2025,Reconditioned,Automatic,Petrol,660,5000,7450000
Kia,Rio,2002,Used,Automatic,Petrol,1500,170000,3000000
Toyota,Hilux,2019,Used,Tiptronic,Diesel,2800,100000,23000000
Toyota,Raize,2026,Brand New,Automatic,Hybrid,1200,0,14775000
Toyota,Raize,2026,Brand New,Automatic,Petrol,1000,0,13490000
Toyota,Camry,2011,Used,Tiptronic,Hybrid,2500,170000,12500000
Toyota,Raize,2026,Brand New,Automatic,Hybrid,1200,0,14475000
Toyota,Raize,2025,Brand New,Automatic,Hybrid,1200,0,14350000
Toyota,Passo,2010,Used,Automatic,Petrol,1000,107000,5925000
Toyota,Axio,2017,Used,Automatic,Hybrid,1500,148200,11425000
Honda,Fit,2025,Brand New,Tiptronic,Hybrid,1500,11500,13890000
Toyota,Yaris,2023,Used,Automatic,Petrol,1000,20000,9400000
Suzuki,Wagon R,2024,Brand New,Automatic,Hybrid,650,2700,9250000
Honda,Vezel,2026,Brand New,Automatic,Hybrid,1490,0,19550000
BMW,ActiveHybrid 7,2014,Used,Automatic,Hybrid,2000,31000,27500000
Hyundai,Venue,2026,Brand New,Automatic,Petrol,1000,34,14100000
Nissan,X-Trail,2002,Used,Automatic,Petrol,2000,245000,5875000
Hyundai,Santa Fe,2008,Used,Tiptronic,Diesel,2200,188000,7270000
Honda,Vezel,2025,Used,Automatic,Hybrid,1500,19000,18350000
Suzuki,Alto,2014,Used,Manual,Petrol,800,75364,4100000
Toyota,Raize,2026,Brand New,Automatic,Hybrid,1198,0,14450000
Toyota,Aqua,2014,Used,Automatic,Hybrid,1500,192000,8170000
Toyota,Pixis,2024,Reconditioned,Automatic,Petrol,660,12000,7350000
Toyota,Roomy,2024,Brand New / Excellent Condition,Automatic,Petrol,990,19000,9350000
Kia,Sonet,2025,Used,Tiptronic,Petrol,1000,17000,11685000
Suzuki,Wagon R,2017,Used,Automatic,Hybrid,660,107600,6250000
Toyota,Taisor,2026,Brand New,Automatic,Petrol,1000,22,12400000
Honda,Vezel,2026,Brand New,Automatic,Hybrid,1500,0,20800000
Daihatsu,Move,2025,Brand New,Automatic,Petrol,650,1900,8390000
Suzuki,Grand Vitara,2013,Used,Tiptronic,Petrol,2000,26000,9700000
Suzuki,Fronx,2026,Brand New,Automatic,Petrol,1000,39,11650000
Hyundai,Tucson,2007,Used,Tiptronic,Diesel,2000,200000,4750000
Suzuki,Spacia,2024,Brand New,Automatic,Petrol,650,640,9865000
Toyota,Vitz,2014,Used,Automatic,Petrol,1000,81000,6975000
Land Rover,Defender,2025,Brand New,Tiptronic,Hybrid,2000,40,91800000
Honda,Vezel,2014,Used,Automatic,Hybrid,1500,231000,9200000
Land Rover,Defender,2025,Reconditioned,Tiptronic,Petrol,2000,7000,76800000
Land Rover,Defender,2025,Used,Tiptronic,Petrol,2000,2000,68550000
Toyota,Crown,2013,Used,Automatic,Hybrid,2500,127000,24500000
Land Rover,Defender,2023,Reconditioned,Tiptronic,Petrol,2000,16000,67550000
Honda,Vezel,2026,Brand New,Automatic,Hybrid,1500,0,21250000
Land Rover,Defender,2023,Reconditioned,Tiptronic,Petrol,2000,49000,64550000
Toyota,Land Cruiser Prado,2024,Brand New,Automatic,Petrol,2700,12000,61250000
Nissan,Magnite,2025,Used,Automatic,Petrol,1000,16500,9450000
Land Rover,Defender,2023,Reconditioned,Tiptronic,Petrol,2000,16000,67950000
Suzuki,Alto,2024,Reconditioned,Automatic,Petrol,660,2600,6650000
Toyota,Starlet,1997,Used,Automatic,Petrol,1450,175000,3250000
Land Rover,Defender,2008,Used,Manual,Diesel,2200,98000,27500000
Morris,Minor,1960,Used,Manual,Petrol,948,38558,1050000
Nissan,Dayz,2025,Reconditioned,Automatic,Hybrid,660,4500,8725000
Toyota,Premio,2017,Used,Automatic,Petrol,1500,84000,15300000
Toyota,Raize,2025,Reconditioned,Automatic,Hybrid,1200,3500,14250000
BMW,740Le,2018,Used,Automatic,Petrol,2000,37000,42500000
Audi,A5,2018,Used,Automatic,Petrol,1500,50000,21200000
Honda,Vezel,2025,Brand New,Automatic,Hybrid,1500,50,17550000
Honda,Vezel,2026,Brand New,Automatic,Hybrid,1500,0,19490000
Honda,Vezel,2026,Brand New,Automatic,Petrol,1500,0,19450000
Daihatsu,Mira,2025,Brand New,Automatic,Petrol,660,300,7275000
Honda,Vezel,2026,Brand New,Automatic,Petrol,1500,0,19450000
Toyota,Yaris,2026,Used,Automatic,Petrol,1000,0,10975000
Nissan,Dayz,2026,Brand New,Automatic,Petrol,660,300,7975000
Daihatsu,Mira,2023,Reconditioned,Automatic,Petrol,660,9000,7275000
Toyota,Raize,2020,Used,Automatic,Petrol,1000,139000,10700000
Daihatsu,Mira,2023,Reconditioned,Automatic,Petrol,660,28000,6775000
Perodua,Viva Elite,2014,Reconditioned,Automatic,Petrol,1000,99000,4990000
Toyota,Premio,2013,Used,Automatic,Petrol,1500,63210,12000000
Toyota,Yaris,2026,Brand New,Automatic,Petrol,1000,0,10975000
Toyota,Carina,2012,Reconditioned,Automatic,Petrol,1500,193000,4690000
Toyota,Harrier,2017,Used,Automatic,Petrol,2000,91000,25000000
Toyota,Corolla,2003,Used,Automatic,Petrol,1500,150000,4790000
Suzuki,Wagon R,2015,Reconditioned,Automatic,Hybrid,650,99000,5990000
Suzuki,Spacia,2016,Reconditioned,Automatic,Petrol,660,130000,6190000
Toyota,Axio,2008,Used,Automatic,Petrol,1500,137000,7550000
Toyota,Roomy,2023,Reconditioned,Automatic,Petrol,990,20000,10390000
Ford,Super Duty,2026,Import,Automatic,Diesel,3000,0,36990000
BMW,318i,2016,Used,Tiptronic,Petrol,1500,35000,19800000
Honda,Vezel,2026,Brand New,Automatic,Hybrid,1500,100,19200000
Honda,Civic,2008,Used,Automatic,Petrol,1800,185000,7850000
Mercedes Benz,C200,2025,Reconditioned,Automatic,Petrol,1496,1800,45000000
Mitsubishi,Montero,2016,Used,Automatic,Petrol,3000,88000,28900000
Honda,Vezel,2024,Used,Automatic,Hybrid,1500,11000,18490000
Honda,N-Box,2024,Used,Automatic,Petrol,650,16000,8900000
Toyota,Hilux,2023,Used,Automatic,Diesel,2500,7000,24000000
Renault,KWID,2017,Used,Manual,Petrol,800,85000,3875000
Renault,KWID,2017,Used,Manual,Petrol,800,94000,3875000
Renault,KWID,2016,Used,Manual,Petrol,800,99500,3700000
Toyota,Premio,2017,Used,Automatic,Petrol,1448,100078,14890000
Volkswagen,Polo,2023,Used,7-Speed DSG Automatic / Manual,Petrol,1000,10000,11475000
Toyota,Aqua,2013,Used,Automatic,Hybrid,1496,76000,8750000
Toyota,Taisor,2026,Brand New,Automatic,Petrol,1000,184,10975000
Chevrolet,Aveo,2008,Used,Manual,Petrol,1400,137609,3690000
Suzuki,Wagon R,2024,Import,Automatic,Petrol,660,6100,6990000
Suzuki,Wagon R,2024,Import,Automatic,Petrol,660,3400,6990000
Suzuki,Wagon R,2024,Import,Automatic,Petrol,660,9800,6990000
Suzuki,Wagon R,2024,Import,Automatic,Petrol,660,4900,6990000
Mercedes Benz,E200,1994,Used,Manual,Diesel,1998,301547,4900000
Suzuki,Celerio,2015,Used,Automatic,Petrol,1000,117000,5490000
Toyota,Raize,2026,Brand New,Automatic,Hybrid,1200,0,15500000
Suzuki,Wagon R FX,2023,Used,Automatic,Petrol,650,47000,7450000
Proton,Saga,2023,Used,Automatic,Petrol,1300,9700,7950000
Suzuki,Wagon R ZX,2026,Brand New,Automatic,Hybrid,660,0,9350000
Honda,Vezel,2026,Brand New,Automatic,Hybrid,1500,0,19300000
Daihatsu,Mira,2025,Import,Automatic,Petrol,658,10000,6900000
Perodua,Axia,2019,Used,Automatic,Petrol,1000,91100,6700000
Daihatsu,Mira,2025,Brand New,Automatic,Petrol,660,700,6790000
Isuzu,Gemini,1983,Used,Manual,Diesel,1961,80000,950000
Honda,Fit Shuttle,2012,Used,Automatic,Hybrid,1300,180000,8600000
Toyota,Prius,2012,Used,Automatic,Hybrid,1500,274000,7650000
BMW,X5,2016,Used,Automatic,Petrol,2000,110000,18500000
Maruti Suzuki,800,2011,Used,Manual,Petrol,800,150000,2700000
Nissan,March,2000,Used,Manual,Petrol,1000,260000,2875000
Toyota,Raize,2021,Reconditioned,Automatic,Hybrid,1200,25000,12950000
Suzuki,Wagon R,2014,Used,Automatic,Hybrid,660,108000,5850000
Toyota,Crown,2025,Used,Automatic,Petrol,2500,600,51500000
Suzuki,Every,2025,Brand New,Automatic,Petrol,660,0,9300000
Land Rover,Discovery,2014,Used,Automatic,Diesel,2999,189000,30000000
Audi,A3,2019,Used,Automatic,Petrol,1000,98000,13750000
Toyota,Roomy,2024,Reconditioned,Automatic,Petrol,1000,2000,11575000
Suzuki,Fronx,2026,Brand New,Automatic,Hybrid,1000,0,11575000
BMW,520d,2012,Used,Automatic,Diesel,2000,145000,19700000
Audi,Audi A3 Sedan 30 TFSI,2024,Excellent / Low Mileage Units,Automatic (S-tronic),Petrol,1000,10000,19500000
Micro,Geely,2012,Used,Manual,Petrol,1500,170000,2965000
BMW,BMW 2 Series 220i Gran CoupÃ©,2025,Brand New (0 KM),7-Speed Steptronic Automatic,Petrol,1500,5000,30000000
Mercedes Benz,Mercedes-Benz C-Class C200 Avantgarde AMG Line,2025,High Grade Japan Unit,9G-TRONIC Automatic,Petrol,1500,8000,38500000
Toyota,Raize,2025,Brand New,Automatic,Hybrid,1200,7000,13950000
Nissan,Sunny,1979,Used,Manual,Petrol,1400,98000,750000
Daihatsu,Charade,1984,Used,Manual,Petrol,1000,98000,900000
Audi,Audi A3 Sportback S line,2024,High Grade Japan Unit,7-Speed S tronic Automatic,Hybrid,1000,10000,18500000
Toyota,Passo,2023,Reconditioned,Automatic,Petrol,1000,7600,7965000
Toyota,Land Cruiser Prado,2016,Used,Tiptronic,Petrol,2700,21000,39000000
Toyota,Raize,2026,Brand New,Automatic,Hybrid,1200,0,14575000
Honda,Vezel,2026,Brand New,Automatic,Hybrid,1496,20,19275000
Toyota,Toyota Corolla Cross Z Grade,2026,Brand New (0 KM),e-CVT Automatic,Hybrid,1800,0,29000000
Nissan,Dayz,2024,Brand New,Automatic,Hybrid,660,13200,7950000
Toyota,Harrier,2025,Brand New,Automatic,Hybrid,2500,0,46000000
Mercedes Benz,S300,2007,Used,Automatic,Petrol,2999,100000,15500000
Honda,Vezel,2026,Brand New,Automatic,Petrol,1500,0,21000000
Suzuki,Spacia,2023,Reconditioned,Automatic,Hybrid,660,23000,8600000
Toyota,Aqua,2015,Used,Automatic,Hybrid,1500,183000,8750000
Micro,Panda Cross,2014,Used,Manual,Petrol,1300,90000,3100000
Toyota,Corolla,2007,Used,Automatic,Petrol,1600,150000,6750000
Nissan,Magnite,2026,Brand New,Automatic,Petrol,1000,100,8650000
Honda,Fit,2015,Used,Automatic,Hybrid,1500,125000,8950000
Suzuki,Wagon R,2025,Brand New,Automatic,Petrol,660,2000,7850000
Land Rover,Discovery,2019,Used,Tiptronic,Diesel,2000,50000,39500000
Honda,Vezel,2026,Brand New,Automatic,Hybrid,1500,0,21200000
Toyota,Raize,2026,Brand New,Automatic,Hybrid,1200,0,14750000
Toyota,Roomy,2025,Brand New,Automatic,Petrol,1000,3000,11000000
Toyota,Roomy,2025,Brand New,Automatic,Petrol,1000,2000,11200000
Mercedes Benz,GLB,2025,Brand New,Automatic,Petrol,1300,0,41500000
Mercedes Benz,GLB,2025,Brand New,Automatic,Petrol,1300,0,39500000
Honda,Vezel,2026,Brand New,Automatic,Hybrid,1500,0,20990000
Jeep,Wrangler,2013,Used,Automatic,Diesel,2776,141000,34500000
Honda,Vezel,2026,Brand New,Automatic,Hybrid,1500,20,21300000
Toyota,Raize,2026,Brand New,Automatic,Hybrid,1200,0,14700000
Toyota,Yaris,2024,Reconditioned,Automatic,Petrol,1000,58000,9500000
Toyota,Raize,2026,Brand New,Automatic,Hybrid,1200,1,14800000
Nissan,Dayz,2024,Reconditioned,Automatic,Hybrid,660,7000,8175000
Suzuki,Wagon R,2016,Used,Automatic,Hybrid,650,65000,6200000
Honda,Vezel,2026,Brand New,Automatic,Hybrid,1496,20,19275000
Nissan,Bluebird,2011,Used,Automatic,Petrol,1500,171063,7500000
Honda,Vezel,2026,Brand New,Automatic,Hybrid,1500,445,19465000
Honda,Vezel,2026,Brand New,Automatic,Hybrid,1500,0,20990000
Honda,Civic,2005,Used,Automatic,Petrol,1500,211871,6550000
Nissan,Dayz,2025,Brand New,Automatic,Hybrid,660,2000,8800000
Land Rover,Defender,2008,Used,Manual,Diesel,2200,98000,27500000
Suzuki,Wagon R FX,2017,Used,Automatic,Hybrid,650,82738,6785000
Honda,Honda Vezel Z Play,2026,Brand New,Automatic,Petrol Hybrid,1500,010,20950000
Toyota,Yaris,2024,Reconditioned,Automatic,Petrol,1000,6400,9990000
Honda,Honda Vezel Z Play,2026,Brand New,Automatic,Petrol Hybrid,1500,010,21000000
Toyota,Premio,2003,Used,Automatic,Petrol,1500,270000,6850000
Suzuki,Wagon R,2026,Brand New,Automatic,Petrol,650,0,8225000
Suzuki,Wagon R FX,2017,Used,Automatic,Hybrid,650,142000,6885000
Zotye,Z100,2016,Used,Manual,Petrol,1000,72242,3300000
Hyundai,Tucson,2011,Reconditioned,Automatic,Diesel,2000,165000,7000000
Suzuki,Swift,2004,Used,Automatic,Petrol,1320,233727,4550000
Nissan,Magnite,2025,Used,Automatic,Petrol,1000,9000,9150000
Suzuki,Wagon R,2026,Brand New,Automatic,Hybrid,660,0,9600000
Suzuki,Wagon R,2024,Reconditioned,Automatic,Petrol,660,6000,7950000
Toyota,Wigo,2017,Used,Automatic,Petrol,1000,120854,6985000
Isuzu,Gemini,1992,Used,Manual,Diesel,1600,335182,1100000
Nissan,Roox,2024,Brand New,Automatic,Petrol,660,0,8900000
Nissan,Roox,2024,Brand New,Automatic,Petrol,660,0,8900000
Daihatsu,Thor,2024,Brand New,Automatic,Petrol,996,0,10250000
Land Rover,Defender,2026,Brand New,Automatic,Petrol,2000,0,74900000
Toyota,Raize,2026,Brand New,Automatic,Petrol,1200,0,14800000
Mitsubishi,Outlander,2025,Used,Automatic,Petrol,1500,3200,21250000
Perodua,Axia,2019,Used,Automatic,Petrol,1000,91100,6700000
Suzuki,XBee,2018,Used (2nd Owner),Automatic,Hybrid,996,87000,8350000
Tata,Indica,2015,Used,Manual,Petrol,1198,104344,3685000
Honda,Vezel,2025,Brand New,Automatic,Hybrid,1500,0,20700000
Toyota,Raize,2025,Brand New,Automatic,Hybrid,1200,0,14685000
Toyota,Harrier,2025,Brand New,Automatic,Petrol,2000,900,41000000
Suzuki,Dzire,2012,Used,Manual,Petrol,1300,112222,5195000
Perodua,Viva Elite,2013,Used,Automatic,Petrol,1000,110000,4885000
Hyundai,Elantra,2012,Used,Automatic,Petrol,1600,147000,6750000
Suzuki,Wagon R FX,2017,Used,Automatic,Hybrid,650,110802,6785000
Toyota,Corolla,2003,Used,Automatic,Petrol,1600,217117,6595000
Nissan,Pulsar,2000,Used,Automatic,Petrol,1500,192000,3875000
Land Rover,Discovery,2014,Used,Automatic,Diesel,3000,119000,34900000
Toyota,Roomy,2023,Reconditioned,Automatic,Petrol,1000,11000,8990000
Toyota,Corsa,1993,Used,Manual,Petrol,1500,158000,2475000
Daihatsu,Thor,2018,Used,Automatic,Petrol,1000,103000,8400000
Toyota,Raize,2025,Brand New,Automatic,Hybrid,1200,9000,14390000
Toyota,Raize,2025,Brand New,Automatic,Hybrid,1200,9000,14390000
Toyota,Raize,2025,Brand New,Automatic,Hybrid,1200,9000,14350000
Hyundai,Tucson,2014,Used,Tiptronic,Diesel,1995,72000,9500000
Suzuki,Maruti,2006,Used,Manual,Petrol,1000,133000,3365000
Perodua,Bezza,2018,Used,Automatic,Petrol,1000,107500,6850000
Suzuki,Wagon R,2026,Brand New,Automatic,Petrol,1000,600,8990000
Toyota,Raize,2025,Brand New,Automatic,Hybrid,1200,0,14390000
Nissan,Sunny,1978,Used,Manual,Petrol,1200,53000,650000
BMW,X1,2020,Used,Automatic,Petrol,1500,89000,19290000
Chevrolet,Cruze,2003,Used,Automatic,Petrol,1320,192000,4400000
Kia,Sonet,2026,Brand New,Automatic,Petrol,1000,0,12350000
Audi,A5,2018,Used,Automatic,Petrol,1400,78000,22500000
Toyota,Taisor,2026,Brand New,Automatic,Petrol,1000,100,11850000
Honda,Vezel,2026,Brand New,Automatic,Petrol,1500,0,19350000
Suzuki,Wagon R ZX,2026,Brand New,Automatic,Hybrid,660,0,9475000
BMW,X2,2018,Used,Automatic,Petrol,1500,102000,18800000
Nissan,Dayz,2025,Brand New,Automatic,Petrol,650,0,8275000
Peugeot,5008,2025,Brand New,Automatic,Hybrid,1200,50,35250000
Suzuki,Wagon R ZX,2026,Brand New,Automatic,Hybrid,660,0,9475000
Toyota,Aqua,2014,Used,Automatic,Petrol,1490,101821,8650000
Toyota,Raize,2025,Brand New,Automatic,Hybrid,1190,0,15275000
Suzuki,Wagon R FX,2025,Reconditioned,Automatic,Petrol,660,2000,8350000
Toyota,Raize,2026,Brand New,Automatic,Hybrid,1190,0,15275000
Daihatsu,Mira,2024,Reconditioned,Automatic,Petrol,660,2927,6975000
Suzuki,Wagon R FX,2023,Used,Automatic,Hybrid,660,14630,8175000
Suzuki,Baleno,2018,Used,Automatic,Petrol,1000,56000,7950000
Subaru,Pleo,2024,Reconditioned,Automatic,Petrol,660,3000,7650000
Honda,CRV,2018,Used,Automatic,Petrol,1500,153000,15950000
Peugeot,5008,2025,Brand New,Automatic,Hybrid,1290,100,35450000
Land Rover,Range Rover Velar,2018,Used,Automatic,Petrol,2000,45000,42500000
Mahindra,Thar,2025,Brand New,6-speed Automatic,Petrol,2000,0,35000000
Toyota,Raize,2026,Brand New,Automatic,Hybrid,1200,25,14850000
Daihatsu,Mira,2024,Reconditioned,Automatic,Petrol,660,2738,6975000
Toyota,Raize,2026,Brand New,Automatic,Hybrid,1200,25,14850000
Geely,Other Model,2012,Used,Manual,Petrol,1500,180000,2850000
Honda,Vezel,2026,Brand New,Automatic,Hybrid,1500,0,21000000
Toyota,Raize,2026,Import,Automatic,Hybrid,1200,1000,13900000
BYD,Sealion 6,2025,Used,Automatic,Hybrid,1500,10000,20000000
Suzuki,Wagon R,2026,Brand New,Automatic,Petrol,660,0,8390000
Honda,WR-V,2025,Used,Tiptronic,Petrol,1500,4200,16300000
Honda,Vezel,2026,Brand New,Automatic,Hybrid,1500,12,19425000
Daewoo,Tacuma,1995,Used,Manual,Petrol,1500,200000,1300000
Suzuki,Alto,2023,Import,Automatic,Hybrid,660,11500,7890000
Suzuki,Alto,2014,Used,Manual,Petrol,998,100260,3995000
Daihatsu,Taft,2025,Brand New,Automatic,Petrol,660,5,8950000
Toyota,Corolla,1990,Used,Manual,Petrol,1500,100600,2050000
Honda,Vezel,2026,Brand New â Zero Mileage,E-CVT,Petrol + Hybrid,1500,0,19575000
Toyota,Taisor,2026,Brand New,Automatic,Petrol,1000,0,11850000
Toyota,Aqua,2013,Used,Automatic,Hybrid,1500,169000,7300000
Honda,Fit,2015,Used,Automatic,Hybrid,1490,87000,8800000
BMW,218i,2018,Brand New,Automatic,Petrol,1500,43000,19800000
Kia,Carens,2026,Brand New,Automatic,Petrol,1000,0,13900000
Suzuki,Wagon R FX,2018,Used,Automatic,Hybrid,650,91184,6785000
Suzuki,Estilo,2011,Used,Manual,Petrol,998,98990,4395000
Mitsubishi,Eclipse Cross,2025,Used,Automatic,Petrol,1500,2500,21500000
Skoda,Kylaq,2025,Brand New,Automatic,Petrol,1000,0,12500000
Audi,Audi A3 Sedan 30 TFSI,2023,Excellent / Low Mileage Units,7-Speed S-Tronic Automatic,Hybrid,1200,19499,17500000
Toyota,Aqua,2012,Reconditioned,Automatic,Hybrid,1496,139000,7690000
Toyota,Roomy,2025,Used,Automatic,Petrol,1000,7400,11950000
Honda,Vezel,2025,Brand New â Zero Mileage,E-CVT,Petrol + Hybrid,1500,0,19575000
Kia,Sportage,2013,Used,Automatic,Diesel,2000,98000,9200000
Toyota,Land Cruiser Prado,2017,Used,Automatic,Petrol,2700,125000,37500000
Suzuki,Ignis,2019,Used,Automatic,Hybrid,1197,89000,6200000
Audi,A3,2025,Brand New,Automatic,Petrol,1500,0,31500000
Honda,Vezel,2026,Brand New â Zero Mileage,E-CVT,Petrol + Hybrid,1500,0,19575000
Toyota,Raize,2025,Brand New,Automatic,Hybrid,1200,0,14500000
Nissan,Roox,2024,Reconditioned,Automatic,Hybrid,658,28000,8950000
Honda,Vezel,2026,Import,Automatic,Hybrid,1500,20,19178000
Toyota,Raize,2023,Import,Automatic,Petrol,1200,20100,12490000
Audi,A3,2025,Brand New,Automatic,Petrol,1500,0,31500000
Suzuki,Fronx,2026,Brand New,Automatic,Petrol,1000,0,11775000
Honda,Freed,2015,Used,Automatic,Hybrid,1500,151716,9995000
Audi,A3,2025,Brand New,Automatic,Hybrid,1500,0,31500000
Toyota,Alphard,2019,Used,Automatic,Petrol,2490,50400,48000000
Kia,Sportage,2012,Used,Automatic,Petrol,2000,177000,8990000
Suzuki,Fronx,2026,Brand New,Automatic,Petrol,1000,0,11775000
Hyundai,Venue N Line,2026,Brand New,Automatic,Petrol,1000,0,14000000
Toyota,Taisor,2026,Brand New,Automatic,Hybrid,1000,0,11975000
Mitsubishi,Outlander,2016,Used,Automatic,Hybrid,2000,125000,16950000
Toyota,Yaris,2023,Import,Automatic,Petrol,1000,20200,10890000
Honda,Vezel,2025,Brand New,Automatic,Petrol,1500,0,20990000
Daihatsu,Mira,2023,Import,Automatic,Petrol,660,12250,6890000
Land Rover,Defender X-Dynamic HSE,2025,Brand New,8-Speed Automatic,Hybrid,2000,0,87500000
Mitsubishi,ASX,2014,Used,Automatic,Petrol,2000,160000,8490000
Nissan,X-Trail,2016,Used,Automatic,Petrol,2000,74000,12000000
DFSK,Glory,2023,Used,Automatic,Petrol,1498,59890,8700000
Toyota,Premio,2017,Used,Automatic,Petrol,1500,90000,14100000
Suzuki,Every,2026,Brand New,Automatic,Petrol,660,0,9075000
Toyota,Vitz,2017,Used,Automatic,Petrol,1000,72000,7790000
Honda,CRV,2018,Used,Automatic,Petrol,1500,84000,16850000
Toyota,Prius,2012,Used,Automatic,Hybrid,1800,156000,10950000
Lexus,Other Model,2003,Used,Automatic,Petrol,2400,130000,7000000
Toyota,Passo,2017,Used,Automatic,Petrol,1000,72000,7790000
Suzuki,Wagon R,2016,Used,Automatic,Hybrid,650,65000,6200000
Mitsubishi,Eclipse Cross,2018,Used,Automatic,Petrol,1500,90000,12750000
Honda,Vezel,2026,Brand New,Automatic,Hybrid,1496,20,19275000
Honda,Vezel,2026,Brand New,Automatic,Hybrid,1500,0,19650000
Mitsubishi,Lancer,1983,Used,Manual,Petrol,1500,316200,790000
MG,ZS,2021,Used,Automatic,Petrol,1000,54000,11650000
Nissan,Dayz,2025,Reconditioned,Automatic,Hybrid,660,1848,9000000
BAIC,X55 II,2025,Used,Tiptronic,Petrol,1500,9000,15800000
DFSK,Glory,2021,Used,Automatic,Petrol,1500,66865,12000000
Toyota,Vitz,2018,Used,Automatic,Petrol,1000,80000,8350000
Audi,Q3,2024,Import,Automatic,Petrol,1500,2600,30990000
Audi,Q7,2025,Used,Automatic,Petrol,2000,10500,67500000
Volkswagen,Tiguan,2018,Used,Automatic,Petrol,1500,65800,17500000
Toyota,Land Cruiser Prado,2017,Used,Automatic,Petrol,2700,98000,38500000
Toyota,Raize,2023,Reconditioned,Automatic,Hybrid,1200,10000,14000000
Toyota,Raize,2025,Import,Automatic,Hybrid,1200,0,14790000
Honda,Civic,2018,Used,Automatic,Petrol,1000,75000,11250000
Audi,A3,2018,Used,Automatic,Petrol,1000,48000,13900000
Toyota,Raize,2026,Brand New,Automatic,Hybrid,1200,0,14550000
Nissan,Dayz,2023,Reconditioned,Automatic,Petrol,658,21488,7550000
Honda,Vezel,2026,Brand New,Automatic,Hybrid,1500,0,19490000
Peugeot,5008,2018,Used,Automatic,Petrol,1200,99000,16650000
Ford,Raptor Ranger,2025,â¨ Black & Orange Premium Leather Interior,Automatic,Diesel,2000,800,34890000
Suzuki,Wagon R FX,2023,Reconditioned,Automatic,Hybrid,658,5736,7950000
Nissan,Dayz,2026,Brand New,Automatic,Hybrid,660,10,9250000
Nissan,Dayz,2025,Reconditioned,Automatic,Petrol,660,3000,7650000
Tesla,Model Y,2023,Used,Automatic,Electric,195,19000,26500000
Toyota,Raize,2025,Brand New,Automatic,Hybrid,1200,4200,14350000
Toyota,Raize,2025,Brand New,Automatic,Hybrid,1200,0,14500000
Mitsubishi,ASX,2014,Used,Automatic,Petrol,2000,160000,8490000
Suzuki,Spacia,2026,Brand New,Automatic,Hybrid,660,0,10790000
Toyota,Urban Cruiser Taisor,2026,Brand New,Automatic,Petrol,1000,37,11900000
Mazda,3,2016,Used,Automatic,Petrol,1600,25020,11950000
Nissan,Dayz,2026,Brand New,Automatic,Hybrid,660,10,9250000
Toyota,RAV4,2007,Used,Automatic,Petrol,2360,285000,7500000
Nissan,Leaf,2016,Used,Automatic,Electric,70,53000,6250000
Hyundai,Sonata,1997,Used,Manual,Petrol,1997,124546,1600000
Honda,Vezel,2026,Brand New,Automatic,Hybrid,1490,0,19500000
Land Rover,Discovery Sport,2024,Used,Automatic,Hybrid,1500,5200,53900000
Jeep,Wrangler,2018,Used,Automatic,Petrol,2000,124000,52000000
Suzuki,Every,2024,Reconditioned,Automatic,Petrol,660,19000,7750000
Nissan,Dayz,2024,Reconditioned,Automatic,Hybrid,660,1200,8400000
Suzuki,Wagon R,2024,Reconditioned,Automatic,Petrol,660,2000,7735000
Nissan,Dayz,2026,Brand New,Automatic,Hybrid,660,11,9200000
Honda,Vezel,2026,Brand New,Automatic,Hybrid,1490,0,20900000
Daihatsu,Mira,2025,Import,Automatic,Petrol,660,880,7490000
Toyota,Raize,2024,Reconditioned,Automatic,Petrol,1000,6000,13475000
Daihatsu,Mira,2023,Reconditioned,Automatic,Petrol,658,20320,6750000
Suzuki,Every,2023,Reconditioned,Automatic,Petrol,660,2000,7860000
BMW,520d,2013,Used,Automatic,Diesel,2000,120000,19850000
Suzuki,Alto,2010,Used,Manual,Petrol,800,209729,3250000
Toyota,Yaris,2023,Reconditioned,Automatic,Hybrid,1500,10120,16250000
Honda,Freed,2023,Reconditioned,Automatic,Hybrid,1496,21046,16300000
Daihatsu,Boon,2023,Reconditioned,Automatic,Petrol,1000,5548,8550000
Honda,Vezel,2026,Brand New,Automatic,Hybrid,1500,0,19590000
Nissan,March,2000,Used,Manual,Petrol,1270,215000,2945000
Toyota,Raize,2025,Brand New,Automatic,Hybrid,1200,0,14500000
Toyota,Roomy,2023,Reconditioned,Automatic,Petrol,1000,31000,9585000
Honda,Vezel,2026,Brand New,Automatic,Hybrid,1500,50,18675000
Micro,Panda,2018,Used,Manual,Petrol,1000,146000,3900000
Honda,Vezel,2026,Brand New,Automatic,Hybrid,1500,0,19675000
Honda,Vezel,2015,Used,Automatic,Hybrid,1500,89000,10350000
Toyota,Taisor,2026,Brand New,Automatic,Hybrid,1000,10,11700000
Toyota,Axio,2013,Used,Automatic,Petrol,1300,69733,8400000
Nissan,AD Wagon,2003,Used,Automatic,Petrol,1500,255000,3690000
Toyota,Premio,2017,* â Genuine Mileage,Automatic,Petrol,1500,197000,15400000
Toyota,Yaris,2025,Brand New,Automatic,Petrol,1000,0,11285000
Suzuki,Spacia,2025,Used,Automatic,Hybrid,660,5700,9475000
Mitsubishi,Eclipse Cross,2024,Brand New,Automatic,Petrol,1500,1000,20500000
Audi,A8,2013,Used,Tiptronic,Hybrid,2000,90000,18500000
Suzuki,Swift,2004,Used,Automatic,Petrol,1320,207171,5150000
Mazda,Familia,2003,Used,Automatic,Petrol,1500,234000,3970000
Toyota,Yaris,2023,Reconditioned,Automatic,Petrol,1000,13000,11075000
Mitsubishi,Eclipse Cross,2025,Brand New,Automatic,Petrol,1500,0,25500000
Kia,Sonet,2026,Brand New,Automatic,Petrol,990,0,11390000
Daihatsu,Mira,2024,Reconditioned,Automatic,Petrol,660,2805,7350000
Perodua,Kelisa,2004,Used,Automatic,Petrol,800,174000,3200000
Honda,CRV,2013,Used,Automatic,Petrol,2350,272000,10900000
Daihatsu,Rocky,2026,Brand New,Automatic,Hybrid,1200,0,14100000
Toyota,Raize,2026,Brand New,Automatic,Hybrid,1200,0,14475000
Toyota,Roomy,2024,Import,Automatic,Petrol,1000,14500,11200000
Honda,Vezel,2023,Reconditioned,Automatic,Hybrid,1490,14250,20350000
Suzuki,Alto,2024,Reconditioned,Automatic,Hybrid,660,14000,7175000
Toyota,Passo,2023,Used,Automatic,Petrol,990,10000,8800000
Suzuki,Wagon R,2025,Reconditioned,Automatic,Petrol,660,8400,7750000
Nissan,Roox,2025,Brand New,Automatic,Hybrid,660,3,8400000
Honda,WR-V,2025,Used,Tiptronic,Petrol,1500,4200,16300000
Kia,Seltos,2026,Brand New,Automatic,Petrol,1500,51,20500000
Nissan,Dayz,2026,Brand New,Automatic,Hybrid,660,0,9100000
Toyota,Passo,2023,Used,Automatic,Petrol,990,37000,9200000
Audi,A3,2024,Reconditioned,Tiptronic,Petrol,1000,9600,18995000
Toyota,Yaris,2024,Used,Automatic,Hybrid,1500,29000,16200000
Daihatsu,Rocky,2026,Brand New,Automatic,Hybrid,1200,0,14375000
Nissan,Teana,2011,Used,Automatic,Petrol,2500,168000,8990000
Daihatsu,Taft,2023,Brand New,Automatic,Petrol,650,10000,8390000
Hyundai,Venue,2026,Brand New,Automatic,Petrol,1000,0,13850000
Audi,Q8 E Tron 50,2024,Brand New,Automatic,Electric,1,0,36950000
Suzuki,Fronx,2026,Brand New,Automatic,Petrol,1000,0,11775000
Honda,Vezel,2026,Brand New,Automatic,Hybrid,1500,2,19400000
Toyota,Passo,2023,Used,Automatic,Petrol,990,18000,8800000
Toyota,Taisor,2026,Brand New,Automatic,Hybrid,1000,0,11800000
Daihatsu,Taft,2023,Brand New,Automatic,Petrol,650,10000,8390000
Porsche,Cayenne,2012,Used,Automatic,Hybrid,3000,82000,18800000
Toyota,Raize,2025,Brand New,Automatic,Hybrid,1200,0,14650000
Toyota,Passo,2023,Used,Automatic,Petrol,990,18000,9200000
Mitsubishi,Montero,2012,Used,Tiptronic,Diesel,2500,159000,13950000
Honda,Vezel,2026,Brand New,Automatic,Hybrid,1500,103,21400000
Land Rover,Discovery,2015,Used,Automatic,Diesel,3000,156750,30950000
Toyota,Raize,2024,Used,Automatic,Petrol,990,19000,13000000
Toyota,Roomy,2023,Reconditioned,Automatic,Petrol,996,10000,9750000
Suzuki,Alto,2024,Import,Automatic,Petrol,660,13500,7190000
Daihatsu,Mira,2025,Brand New,Automatic,Petrol,650,0,6850000
Suzuki,Wagon R Stingray,2017,Used,Automatic,Petrol,660,97000,7390000
Honda,Vezel,2025,Brand New,Automatic,Hybrid,1500,100,20350000
Volvo,S60,2016,Used,"Automatic Edition: T6 AWD Drive-Engine Performance: 316 HP, 400 Nm, 8-speed automatic gearbox (7,000 RPM) Acceleration: 0 - 100 km/h in 5.6 seconds (Top speed: 250 km/h)",Petrol,2000,31000,15900000
Toyota,Land Cruiser Prado,2000,Used,Tiptronic,Petrol,3400,185000,12000000
Nissan,Dayz,2025,Reconditioned,Automatic,Hybrid,660,26000,8495000
Toyota,Raize,2025,Brand New,Automatic,Petrol,990,0,13200000
Suzuki,Wagon R,2025,Brand New,Automatic,Petrol,660,500,8500000
Honda,Vezel,2017,Used,Automatic,Hybrid,1500,101100,11875000
Toyota,Roomy,2026,Brand New,Automatic,Petrol,1000,0,12800000
Toyota,Yaris,2023,Brand New,Automatic,Petrol,996,22226,10250000
Suzuki,Suzuki Spacia Hybrid ð,2023,Reconditioned,Automatic,Hybrid,660,10000,7950000
Suzuki,Every,2020,Reconditioned,Automatic,Petrol,650,47000,7390000
Toyota,Aqua,2014,Reconditioned,Automatic,Hybrid,1500,27000,9450000
Daihatsu,Mira,2025,Brand New,Automatic,Petrol,650,0,7250000
Nissan,Sunny,1992,Used,Manual,Diesel,1500,100000,2570000
Toyota,Raize,2025,Reconditioned,Automatic,Petrol,1200,6500,14300000
Toyota,Raize Z,2026,Brand New,Automatic,Hybrid,1200,0,14750000
Ford,Raptor Ranger,2025,Brand New,Automatic,Diesel,2000,0,35000000
Nissan,Dayz,2023,Import,Automatic,Petrol,660,47300,7590000
Suzuki,Wagon R,2026,Brand New,Automatic,Petrol,650,0,8590000
Suzuki,Smile,2025,Brand New,Automatic,Hybrid,650,1000,9250000
Audi,Q4 E-Tron S Line,2023,Brand New,Automatic,Electric,155,0,39000000
Honda,Vezel,2026,Brand New,Automatic,Hybrid,1500,100,19800000
BMW,320i,2007,Used,Automatic,Petrol,2000,157000,9650000
Mitsubishi,ASX,2014,Used,Automatic,Petrol,2000,85000,9400000
Nissan,Almera,2025,Used,Automatic,Petrol,1000,12000,11950000
Nissan,Serena,2025,Brand New,Automatic,Hybrid,1400,0,23000000
Nissan,Almera,2025,Brand New,Automatic,Petrol,1000,0,13650000
Nissan,Patrol,2014,Used,Manual,Diesel,4200,149000,33750000
Toyota,Raize,2026,Brand New,Automatic,Petrol,1200,0,14800000
Honda,Vezel,2026,Brand New,Automatic,Hybrid,1500,50,18675000
Toyota,Raize,2026,Brand New,Automatic,Hybrid,1198,12,14700000
Audi,Q3,2013,Used,Automatic,Petrol,2000,121000,13000000
Toyota,Raize,2025,Used,Automatic,Petrol,1000,2000,13350000
Honda,Vezel,2025,Brand New,Automatic,Hybrid,1500,2000,20350000
Other brand,Other model,2025,Brand New,Automatic,Diesel,2000,0,18750000
Toyota,Raize,2026,Brand New,Automatic,Hybrid,1,10,14700000
Mercedes Benz,C200,2023,Used,Automatic,Petrol,1500,15000,38500000
Daihatsu,Charmant,1987,Used,Manual,Petrol,1166,68500,2250000
Mercedes Benz,GLB,2025,Used,Automatic,Petrol,1400,1500,38500000
Mercedes Benz,CLA 180,2017,Used,Tiptronic,Petrol,1600,93000,18950000
Kia,Sportage,2012,Used,Automatic,Diesel,2000,172000,9950000
Volkswagen,Polo,2023,Used,Automatic,Petrol,1000,35000,13000000
Audi,A3,2023,Used,Automatic,Petrol,1000,12000,19350000
Toyota,Yaris Cross,2026,Brand New,Automatic,Hybrid,1500,7,18200000
Audi,A3,2023,Used,Automatic,Petrol,1000,50000,22800000
Honda,2024 Model (Latest Shape!),2024,"Mint condition, Company Maintained ð ï¸ (All records available)",Automatic,Hybrid,1500,13000,16800000
Peugeot,5008,2025,Brand New,Automatic,Hybrid,1200,0,36000000
Peugeot,5008,2025,Brand New,Automatic,Hybrid,1200,0,36000000
Hyundai,Atos,2004,Used,Manual,Petrol,1000,132000,2350000
Audi,A3,2023,Used,Automatic,Petrol,1000,25000,22300000
Peugeot,5008,2025,Brand New,Automatic,Hybrid,1200,0,36000000
Suzuki,Spacia,2025,Brand New,Automatic,Hybrid,660,7,9900000
Suzuki,Swift,2002,Used,Automatic,Petrol,1300,165000,3950000
Audi,A3,2023,Used,Automatic,Petrol,1000,16000,16650000
Audi,A3,2023,Used,Automatic,Petrol,1000,19000,16650000
Honda,Vezel,2025,Used,Automatic,Hybrid,1500,19000,18350000
Suzuki,Alto,2024,Reconditioned,Automatic,Petrol,660,2600,6650000
Audi,A3,2023,Used,Automatic,Petrol,1000,3000,19550000
Toyota,Vitz,2017,Used,Automatic,Petrol,1000,115000,7850000
Kia,Syros,2026,Brand New,Automatic,Petrol,1000,200,13800000
Daihatsu,Mira,2023,Import,Automatic,Petrol,660,18800,6890000
Toyota,Pixis,2023,Import,Automatic,Petrol,660,13900,7690000
Nissan,Dayz,2024,Reconditioned,Automatic,Petrol,660,10000,7950000
Maruti,Other Model,2010,Used,Manual,Petrol,800,56200,2575000
BMW,318i,2018,Used,Automatic,Petrol,1500,48000,21500000
Daihatsu,Hijet,2025,Brand New,Automatic,Petrol,660,250,6575000
Land Rover,Discovery,2018,Used,Automatic,Diesel,2000,112000,41000000
Daihatsu,Hijet,2024,Reconditioned,Automatic,Petrol,660,7000,6745000
Honda,Vezel,2026,Brand New,Automatic,Hybrid,1500,0,19950000
Toyota,Prius,2011,Used,Automatic,Hybrid,1500,120000,8950000
Micro,Tivoli,2016,Used,Automatic,Petrol,1600,165000,7000000
Nissan,Roox,2024,Reconditioned,Automatic,Petrol,660,2600,8350000
Toyota,Passo,2009,Used,Automatic,Petrol,1500,135000,6790000
Mercedes Benz,E300,2013,Used,Automatic,Hybrid,2100,78000,13500000
Toyota,Corolla,2021,Used,Automatic,Petrol,1600,180000,6890000
Nissan,Dayz,2025,Reconditioned,Automatic,Petrol,650,8000,8675000
Honda,Vezel,2026,Brand New,Automatic,Hybrid,1500,650,20750000
Toyota,Passo,2016,Used,Automatic,Petrol,1000,84748,6990000
Toyota,Premio,2017,Used,Automatic,Petrol,1480,99875,14975000
Ssang Yong,Rexton,2006,Used,Automatic,Diesel,2696,126728,10500000
Audi,Q2,2018,Used,Automatic,Petrol,1000,28400,13500000
Daihatsu,Mira,2025,Brand New,CVT Automatic,Petrol,660,0,7450000
BYD,Sealion 6,2025,Used,Automatic,Hybrid,1500,10000,20000000
Toyota,Taisor,2026,Brand New,Automatic,Hybrid,1000,0,11900000
Mitsubishi,Outlander,2015,Used,Automatic,Hybrid,1990,101200,12950000
Daihatsu,Mira,2024,Reconditioned,Automatic,Petrol,660,9500,6975000
Nissan,Dayz,2025,Reconditioned,Automatic,Petrol,660,1600,8350000
Toyota,Land Cruiser Prado,2016,Used,Tiptronic,Petrol,2700,21000,39000000
Land Rover,Defender,2026,Brand New,Automatic,Hybrid,2000,0,79500000
Daihatsu,Mira,2025,Reconditioned,CVT Automatic,Petrol,660,0,7450000
Suzuki,Wagon R,2026,Brand New,Automatic,Hybrid,660,5,9500000
Toyota,Corolla,2001,Used,Automatic,Diesel,2000,175000,3875000
Audi,A3,2023,Reconditioned,Tiptronic,Petrol,1000,8000,18500000
Daihatsu,Mira,2024,Reconditioned,CVT Automatic,Petrol,660,4800,7350000
Daihatsu,Mira,2024,Brand New,Automatic,Petrol,660,0,7350000
Toyota,Starlet,1997,Used,Automatic,Petrol,1450,175000,3250000
Toyota,Hilux,2026,Brand New,Automatic,Diesel,2800,0,29950000
Nissan,Roox,2024,Reconditioned,Automatic,Petrol,660,21000,8650000
Honda,Vezel,2018,Used,Automatic,Hybrid,1500,128000,11900000
Kia,Sonet,2026,Brand New,Automatic,Petrol,1000,50,11490000
Toyota,Roomy,2025,Reconditioned,Automatic,Petrol,1000,5000,9550000
Toyota,Hilux,2026,Brand New,Automatic,Diesel,2800,0,25990000
Suzuki,Wagon R,2026,Brand New,Automatic,Hybrid,650,15,9690000
Honda,Vezel,2026,Brand New,Automatic,Hybrid,1490,7,20800000
Kia,Sonet,2026,Brand New,Automatic,Petrol,1000,0,12450000
Daihatsu,Mira,2025,Reconditioned,Automatic,Petrol,650,2200,7590000
Honda,CRV,2026,Brand New,Automatic,Petrol,1500,0,30990000
Toyota,Raize,2025,Reconditioned,Automatic,Petrol,1200,3000,14990000
Kia,Sonet,2026,Brand New,Automatic,Petrol,1000,50,11490000
Kia,Seltos,2026,Used,Automatic,Petrol,1500,950,19500000
Suzuki,Wagon R,2026,Brand New,Automatic,Petrol,660,0,8390000
Suzuki,Wagon R ZX,2026,Brand New,Automatic,Hybrid,660,0,9390000
Suzuki,Spacia,2026,Brand New,Automatic,Hybrid,660,0,10790000
Honda,Vezel,2026,Brand New,Automatic,Hybrid,1490,0,21075000
Kia,Kia Syros,2026,Brand New,Automatic (DCT),Petrol,1000,0,12790000
Mercedes Benz,CLA 200,2019,Used,Automatic,Petrol,1300,98000,21400000
Hyundai,Venue,2026,Brand New,Automatic,Petrol,1000,0,12790000
Toyota,Hilux,2016,Used,Tiptronic,Diesel,3000,143000,17290000
Toyota,Roomy,2023,Reconditioned,Automatic,Petrol,1000,18000,8975000
Kia,Sonet,2026,Brand New,Automatic,Petrol,1000,50,11490000
Kia,Sonet,2026,Brand New,Automatic,Petrol,1000,,11390000
Suzuki,Suzuki Fronx Alpha,2026,Brand New,Automatic,Petrol,1000,0,11090000
Toyota,Toyota Hyryder,2026,Brand New,Automatic (e-CVT),Hybrid Petrol,1500,0,17790000
Suzuki,Wagon R ZX,2026,Brand New,Automatic,Hybrid,660,4,9500000
Kia,Sonet,2026,Brand New,Automatic,Petrol,1000,0,11890000
Toyota,Toyota Urban Cruiser Taisor G Grade,2026,Brand New,Automatic,Petrol,1000,0,10890000
Suzuki,Wagon R FX,2024,Reconditioned,Automatic,Petrol,660,4860,7850000
Honda,Vezel,2016,Used,Automatic,Hybrid,1496,130000,10800000
Micro,BAIC,2018,Used,Automatic,Petrol,1500,63285,5000000
Toyota,Land Cruiser Prado,2017,Used,Automatic,Petrol,2700,47000,41500000
Toyota,Yaris,2026,Brand New,Automatic,Petrol,1000,0,12000000
Suzuki,Fronx,2026,Brand New,Automatic,Petrol,1000,0,11275000
Toyota,Raize,2026,Brand New,Automatic,Petrol,1000,0,13700000
Suzuki,Fronx,2026,Brand New,Automatic,Petrol,1500,0,11375000
Honda,Vezel,2026,Brand New,Automatic,Hybrid,1500,0,19775000
Hyundai,Santro,2001,Used,Manual,Petrol,1000,150000,1950000
Kia,Sonet,2026,Brand New,Automatic,Petrol,1000,0,12475000
Kia,Sonet,2026,Brand New,Automatic,Petrol,1000,0,12375000
Mitsubishi,eK Wagon,2024,Reconditioned,Automatic,Petrol,660,3900,7450000
DFSK,Glory,2022,Used,Automatic,Petrol,1500,32950,9800000
Land Rover,Defender,2008,Used,Manual,Diesel,2200,98000,27500000
Honda,Vezel,2026,Brand New,Automatic,Hybrid,1500,0,20975000
Ford,Ranger,2016,Used,Automatic,Diesel,3200,210000,18500000
Suzuki,Wagon R FZ,2018,Used,Automatic,Hybrid,660,77000,7150000
Tata,Nano,2012,Used,Manual,Petrol,624,100000,1450000
Mercedes Benz,S400,2017,Used,Automatic,Hybrid,2140,49800,65000000
BMW,525i,2025,Reconditioned,Tiptronic,Petrol,2000,3000,58500000
Audi,A3,2023,Reconditioned,Tiptronic,Petrol,1000,6000,20000000
Audi,A3,2023,Reconditioned,Tiptronic,Petrol,1000,5000,21000000
Land Rover,Range Rover Sport,2018,Used,Automatic,Diesel,2000,31000,53500000
Toyota,Roomy,2025,Reconditioned,Automatic,Petrol,100,2000,12090000
Honda,Vezel,2026,Brand New,Automatic,Hybrid,1500,0,19800000
Audi,A3,2023,Reconditioned,Tiptronic,Petrol,1000,10000,17300000
Audi,A3,2023,Reconditioned,Tiptronic,Petrol,1000,12000,17300000
Audi,A3,2023,Reconditioned,Tiptronic,Petrol,1000,12000,21000000
Toyota,Land Cruiser Sahara,2023,Used,Automatic,Diesel,2700,109000,75000000
Audi,A3,2023,Reconditioned,Tiptronic,Petrol,1000,13000,18500000
Toyota,Land Cruiser Prado,2023,Reconditioned,Automatic,Petrol,2700,8500,53000000
BMW,X1,2025,Reconditioned,Tiptronic,Petrol,1500,2000,34000000
Audi,Q3,2023,Reconditioned,Tiptronic,Petrol,1500,13000,29800000
Audi,A3,2023,Reconditioned,Tiptronic,Petrol,1000,4000,16800000
Audi,A3,2023,Reconditioned,Tiptronic,Petrol,1000,7000,20000000
Kia,Syros,2026,Brand New,Automatic,Petrol,1000,0,13750000
Audi,A3,2023,Reconditioned,Tiptronic,Petrol,1000,3000,17500000
Audi,A3,2023,Reconditioned,Tiptronic,Petrol,1000,5000,18800000
Nissan,Sunny,1993,Used,Manual,Diesel,1700,40000,2250000
DFSK,Glory,2022,Used,Automatic,Petrol,1500,32950,9800000
Hyundai,Santa Fe,2011,Used,Automatic,Petrol,2400,176987,6775000
Toyota,Raize,2026,Brand New,Automatic,Hybrid,1196,20,13750000
Perodua,Viva Elite,2011,Used,Automatic,Petrol,1000,135000,4375000
BAW,E7,2026,Used,Automatic,Electric,25,0,1000000
Suzuki,Alto,2015,Used,Manual,Petrol,650,135000,4075000
Suzuki,Wagon R FX,2017,Used,Automatic,Hybrid,650,105000,5875000
Toyota,Carina,2006,Used,Manual,Petrol,1500,228000,4500000
Honda,Vezel Z PLAY,2024,Reconditioned,Automatic,Hybrid,1500,8900,18500000
Ford,Raptor Ranger,2025,Brand New,Automatic,Diesel,2000,0,34900000
Toyota,Corolla,1996,Used,Manual,Petrol,1300,250000,3500000
Mitsubishi,Outlander,2014,Used,Automatic,Hybrid,1990,123000,13000000
MG,ZS,2018,Used,Automatic,Petrol,1000,68000,8650000
Honda,Civic,2019,Used,Automatic,Petrol,1000,86000,13100000
Toyota,Vitz,2016,Used,Automatic,Petrol,1000,88600,8000000
Honda,Civic,2018,Used,Automatic,Petrol,1000,103000,13200000
Toyota,Allion,2003,Used,Automatic,Petrol,1500,210000,6850000
Mercedes Benz,C200,2014,Used,Automatic,Petrol,1991,85000,20000000
Honda,Vezel,2017,Used,Automatic,Hybrid,1496,96000,12200000
Toyota,Land Cruiser Sahara,2014,Used,Automatic,Petrol,4500,36000,55000000
Suzuki,Alto,2024,Reconditioned,Automatic,Petrol,660,4000,6950000
Volkswagen,Polo,2024,Reconditioned,Automatic,Petrol,1000,12000,12150000
Volkswagen,Polo,2023,Reconditioned,Automatic,Petrol,1000,15000,11490000
Isuzu,Rodeo,1987,Used,Manual,Diesel,2238,200000,2800000
BYD,Sealion 6,2024,Used,Automatic,Petrol,1500,10000,20250000
DFSK,Glory 580,2022,Used,Automatic,Petrol,1500,43000,8800000
Honda,Vezel,2026,Brand New,Automatic,Petrol,1500,0,19650000
Toyota,Hyryder,2025,Brand New,Automatic,Petrol,1490,0,17250000
Toyota,Premio,2016,Used,Automatic,Petrol,1500,108000,15200000
Toyota,Starlet,1997,Used,Automatic,Petrol,1450,175000,3250000
Ssang Yong,Tivoli,2015,Used,Tiptronic,Petrol,1600,150000,7190000
Mitsubishi,Eclipse Cross,2025,Reconditioned,Automatic,Petrol,1490,4000,19700000
Toyota,Roomy,2026,Brand New,Automatic,Petrol,990,0,12500000
Toyota,Roomy,2024,Reconditioned,Automatic,Petrol,990,9000,9250000
Suzuki,XBee,2023,Reconditioned,Automatic,Petrol,1000,19000,10575000
Toyota,Land Cruiser Prado,2024,Used,Automatic,Petrol,2690,6000,59500000
Suzuki,Other Model,2026,Brand New,Automatic,Petrol,650,0,9250000
Toyota,Raize,2024,Used,Automatic,Hybrid,1190,8000,13000000
Mercedes Benz,C200,2019,Reconditioned,Automatic,Petrol,1500,85000,23790000
Toyota,Yaris,2024,Reconditioned,Automatic,Petrol,1000,17000,9790000
Audi,A1,2017,Used,Automatic,Petrol,1000,77000,8990000
Mini,Cooper,1961,Used,Automatic,Petrol,1000,100000,2350000
Nissan,Wingroad,1997,Used,Manual,Petrol,1600,250000,2500000
Suzuki,Wagon R FX,2024,Brand New,Automatic,Petrol,650,5000,7890000
Bajaj,Qute,2019,Used,Manual,Petrol,216,52482,1600000
Suzuki,Wagon R,2016,Used,Automatic,Hybrid,650,104000,7200000
Honda,Fit,2007,Used,Automatic,Petrol,1290,180000,5490000
Nissan,Sunny,1991,Used,Manual,Petrol,1490,268188,2350000
Toyota,Land Cruiser Sahara,2010,Reconditioned,Automatic,Diesel,4500,115000,43500000
Suzuki,Swift,2024,Reconditioned,Automatic,Hybrid,1200,3530,13350000
Nissan,Qashqai,2018,Used,Automatic,Petrol,1197,57000,12950000
Daihatsu,Mira,2025,Reconditioned,CVT Automatic,Petrol,660,3475,7450000
Ssang Yong,Tivoli,2017,Used,Automatic,Petrol,1597,125000,7800000
Toyota,Harrier,2019,Used,Automatic,Petrol,2000,42960,36500000
Toyota,Raize,2026,Brand New,Automatic,Petrol,1200,0,14800000
Honda,Vezel,2023,Reconditioned,Automatic,Hybrid,1500,18000,17875000
Mitsubishi,Eclipse Cross,2018,Used,Automatic,Petrol,1500,90000,12750000
Honda,Vezel,2026,Brand New,Automatic,Hybrid,1500,0,19300000
Toyota,Land Cruiser Sahara,2000,Used,Automatic,Petrol,4700,148000,13300000
Kia,Syros,2026,Brand New,Automatic,Petrol,1000,15,13800000
Toyota,Axio,2015,Used,Automatic,Hybrid,1500,0,9800000
Mitsubishi,Lancer,1980,Used,Manual,Petrol,1400,80138,1390000
Honda,Vezel,2026,Brand New,Automatic,Hybrid,1490,10,20900000
Nissan,Sunny,2003,Used,Automatic,Petrol,1300,137000,4250000
Volvo,S80,2000,Used,Automatic,Petrol,2000,170000,2750000
Honda,Vezel,2026,Brand New,Automatic,Hybrid,1490,10,20900000
Nissan,Presea,1995,Used,Automatic,Petrol,1500,150000,3200000
Nissan,AD Wagon,1992,Used,Automatic,Diesel,1800,169000,2250000
Toyota,Roomy,2025,Reconditioned,Automatic,Petrol,1000,3000,10950000
Volvo,S60,2004,Used,Automatic,Petrol,2000,160000,3800000
BYD,BYD Atto 3,2024,â¢ Personally used,Automatic,Electric,150,35000,15500000
Toyota,Raize,2024,Used,Automatic,Petrol,1200,17800,12250000
Toyota,Carina,1988,Used,Manual,Petrol,1550,261462,1050000
DFSK,Glory,2022,Used,Automatic,Petrol,1499,36000,9900000
Honda,Civic,1985,Used,Manual,Petrol,1300,10000,1100000
Honda,Vezel,2025,New,Automatic,Hybrid,1500,11000,19450000
Tata,Indigo,2015,Used,Manual,Petrol,1200,104000,3350000
Perodua,Viva Elite,2011,Used,Automatic,Petrol,1000,105000,4875000
Honda,Vezel,2026,Brandnew,Automatic,Hybrid,1500,20,19900000
Honda,Vezel,2025,New,Automatic,Hybrid,1500,6000,18985000
Suzuki,Spacia,2025,Reconditioned,Automatic,Hybrid,650,950,9350000
Nissan,X-Trail,2005,Used,Manual,Petrol,2500,130000,6200000
Kia,Rio,2001,Used,Manual,Petrol,1350,160000,2375000
Daihatsu,Mira,2025,Reconditioned,Automatic,Petrol,650,3500,7190000
Toyota,Aqua,2012,Used,Automatic,Hybrid,1490,154000,7375000
Toyota,Vitz,2018,Used,Automatic,Petrol,1000,56000,8600000
Honda,Vezel,2026,Import,Automatic,Hybrid,1500,20,19178000
Daihatsu,Mira,2025,Reconditioned,Automatic,Petrol,650,3500,7190000
Honda,Vezel,2026,Brand New,Automatic,Hybrid,1490,16,20000000
Land Rover,Defender,2025,Brand New,Tiptronic,Hybrid,2000,70,80500000
Kia,Sorento,2012,Used,Automatic,Diesel,2200,89000,11250000
Daihatsu,Mira,2025,Reconditioned,Automatic,Petrol,650,5000,7950000
Toyota,HiLux,2024,Used,Tiptronic,Diesel,2800,10000,28900000
Nissan,X-Trail,2015,Used,Automatic,Hybrid,2000,168703,9250000
Audi,A5,2018,Used,Automatic,Petrol,1400,72000,24000000
Suzuki,Wagon R,2026,Brand New,Automatic,Petrol,650,6,8690000
Toyota,Raize,2026,Brandnew,Automatic,Hybrid,1200,15,14850000
Isuzu,Rodeo,1987,Used,Manual,Diesel,2238,200000,2800000
Peugeot,5008,2025,Brand New,Automatic,Hybrid,1200,30,38500000
Hyundai,Santa Fe,2011,Used,Automatic,Petrol,2400,176987,6775000
Toyota,Raize,2024,Used,Automatic,Petrol,1000,24800,11425000
Suzuki,Wagon R,2026,Brand New,Automatic,Petrol,650,0,8230000
Nissan,March,1987,Used,Manual,Petrol,1300,238617,1080000
Toyota,Yaris Ativ,2025,Showroom Condition,CVT Automatic,Petrol,1200,3772,16200000
Vauxhall,Corsa,2013,Used,Automatic,Petrol,1000,40000,5390000
Toyota,Taisor,2026,Brand New,Automatic,Petrol,1000,0,11975000
Peugeot,5008,2019,Used,Automatic,Petrol,1200,131000,14900000
Toyota,Fortuner,2012,Used,Automatic,Petrol,2700,140000,14475000
Nissan,Dayz,2016,Used,Automatic,Petrol,660,60000,6150000
Toyota,Roomy,2025,Reconditioned,Automatic,Petrol,996,7948,11900000
Toyota,Urban Cruiser Taisor,2025,Used,Automatic,Petrol,1000,8600,11200000
Toyota,Hilux,2016,Used,Automatic,Diesel,2800,101600,19000000
BYD,Sealion 6,2024,Used,Automatic,Petrol,1500,10000,20250000
Toyota,Taisor,2026,Brand New,Automatic,Petrol,1000,0,11900000
Volkswagen,Tiguan,2018,Used,Automatic,Petrol,1500,65800,17500000
Toyota,Yaris,2024,Brand New,Automatic,Petrol,1000,9000,10275000
BYD,Sealion 6,2025,Used,Automatic,Hybrid,1500,9433,22000000
Toyota,Harrier,2014,Used,Automatic,Hybrid,2400,123000,18100000
Suzuki,Spacia,2024,Brand New,Automatic,Hybrid,650,2000,9700000
Suzuki,Wagon R,2018,Used,Automatic,Hybrid,660,108000,7190000
Toyota,Aqua,2012,Used,Automatic,Hybrid,1496,103000,7800000
Toyota,Axio,2014,Used,Automatic,Hybrid,1500,142000,9600000
Toyota,Vitz,2010,â Running Condition 100%,Automatic,Petrol,990,111231,5850000
Kia,Sonet,2026,Used,Tiptronic,Petrol,1000,6200,11500000
Nissan,Sunny,2000,Used,Automatic,Petrol,1500,150000,4450000
Honda,Vezel,2026,Brand New,Automatic,Hybrid,1490,10,20900000
Suzuki,XBee,2024,Used,Automatic,Petrol,1000,35000,10200000
Toyota,Land Cruiser Prado,2007,Used,Automatic,Petrol,2700,195000,15800000
BMW,X1,2024,Reconditioned,Automatic,Petrol,1500,4000,36000000
Toyota,Hilux,2024,Brand New,Automatic,Diesel,2400,1500,24800000
Toyota,Raize,2026,Brand New,Automatic,Hybrid,1200,61,14890000
Toyota,Premio,2017,Used,Automatic,Petrol,1500,128173,15200000
Suzuki,Swift,2001,Used,Automatic,Petrol,1320,150231,4385000
Suzuki,Wagon R FX,2025,Used,Automatic,Petrol,650,11000,7900000
Honda,CRV,2025,Brand New,Automatic,Petrol,1490,0,30750000
Toyota,Raize,2026,Brand New,Automatic,Hybrid,1200,0,14400000
Suzuki,Wagon R,2018,Used,Automatic,Hybrid,660,79000,7400000
Honda,Vezel,2025,Brand New,Automatic,Hybrid,1500,100,18950000
Toyota,Yaris,2025,Reconditioned,Automatic,Petrol,1000,1350,10850000
Perodua,Viva Elite,2011,Used,Automatic,Petrol,1000,150000,4550000
Mercedes Benz,S300,2007,Used,Automatic,Petrol,2999,100000,15500000
Toyota,Roomy,2025,Reconditioned,Automatic,Petrol,1000,3000,10950000
Audi,Q5,2011,Used,Automatic,Petrol,2000,190000,11500000
Honda,Vezel,2026,Brand New,Automatic,Hybrid,1500,0,19500000
Toyota,Passo,2007,Used,Automatic,Petrol,1000,130601,4885000
Toyota,Prius,2012,Used,Automatic,Hybrid,1790,218000,11000000
Suzuki,Swift,2008,Used,Automatic,Petrol,1300,129771,5800000
Hyundai,Tucson,2007,Used,Automatic,Petrol,2000,192770,6300000
Nissan,Roox,2026,Brand New,Automatic,Petrol,660,0,11250000
BMW,318i,2018,Used,Automatic,Petrol,1500,56000,20500000
Toyota,Land Cruiser Prado,2011,Used,Automatic,Petrol,2690,73150,29000000
Suzuki,Wagon R ZX,2026,Brand New,Automatic,Petrol,660,0,9550000
Suzuki,Wagon R ZX,2026,Brand New,Automatic,Petrol,660,0,9750000
Land Rover,Range Rover,2018,Used,Automatic,"Petrol, Electric",2000,98000,51500000
Suzuki,Wagon R,2026,Brand New,Automatic,Petrol,660,0,8550000
Toyota,Corolla,2026,Brand New,Automatic,Hybrid,1800,0,31200000
Volkswagen,T-Cross,2024,Reconditioned,Automatic,Petrol,1000,12000,14450000
Toyota,Yaris,2024,Brand New,Automatic,Petrol,1000,8200,10750000
Honda,Vezel,2026,Brand New,Automatic,Hybrid,1500,0,20850000
Jeep,Gladiator Rubicon,2025,Used,Automatic,Petrol,3600,4000,39000000
Nissan,Dayz,2025,Import,Automatic,Petrol,660,1000,7950000
Daihatsu,Thor,2024,Reconditioned,Automatic,Petrol,1000,8500,10500000
Toyota,Land Cruiser Prado,2026,Brand New,Automatic,Petrol,2700,0,64990000
Honda,Vezel,2026,Brand New,Automatic,Hybrid,1500,0,21250000
BMW,X2,2018,Recondition,Tiptronic,Petrol,15,38000,19800000
Daihatsu,Mira,2025,Brand New,CVT Automatic,Petrol,660,0,7450000
BMW,X1,2025,Reconditioned,Automatic,Petrol,1500,11000,33300000
Suzuki,Wagon R ZX,2026,Brand New,Automatic,Petrol,660,0,9550000
Micro,Rexton,2008,Used,Tiptronic,Diesel,2700,260000,6400000
Toyota,Raize,2026,Brand New,Automatic,Petrol,1200,0,14800000
Honda,Vezel,2026,Import,Automatic,Hybrid,1500,60,19150000
Suzuki,Wagon R FX,2025,Brand New,Automatic,Petrol,650,3700,7995000
Honda,Vezel,2026,Brand New,Automatic,Hybrid,1500,0,19700000
Suzuki,Wagon R ZX,2026,Brand New,Automatic,Petrol,660,0,9750000
Audi,A4,2017,Used,Automatic,Petrol,1400,29000,17750000
Toyota,Vellfire,2025,Brand New,Automatic,Petrol,2500,0,57500000
Honda,Vezel,2026,Brand New,Automatic,Hybrid,1500,6,21400000
Daihatsu,Mira,2025,Brand New,Automatic,Petrol,660,0,7650000
Toyota,Yaris,2025,Used,Automatic,Petrol,1000,10600,9125000
Toyota,Yaris,2025,Brand New,Automatic,Petrol,1000,0,11650000
Daihatsu,Mira,2024,Reconditioned,Automatic,Petrol,660,3400,7350000
BMW,X1,2018,Used,Automatic,Petrol,1500,88000,14490000
Honda,Vezel,2026,Brand New,Automatic,Hybrid,1500,0,19450000
Toyota,Crown,2025,Reconditioned,Automatic,Petrol,2500,8000,57500000
Volkswagen,T-Cross,2023,Reconditioned,Automatic,Petrol,1000,4000,14850000
BMW,X5 eDrive,2016,Used,Automatic,Hybrid,2000,85000,23000000
Toyota,Yaris Cross,2026,Brand New,Automatic,Hybrid,1500,0,18950000
Suzuki,Wagon R ZX,2026,Brand New,Automatic,Petrol,660,0,9750000
Toyota,Raize,2026,Brand New,Automatic,Hybrid,1200,5,14700000
Toyota,Raize,2026,Brand New,Automatic,Hybrid,1200,0,15350000
BMW,520d,2013,Used,Automatic,Diesel,2000,88000,21000000
Suzuki,Wagon R,2026,Brand New,Automatic,Hybrid,660,0,9700000
Toyota,Corolla,2008,Used,Automatic,Petrol,1590,220000,6300000
Suzuki,Wagon R,2017,Used,Automatic,Hybrid,660,56900,6600000
Suzuki,Other Model,2024,Brand New,Automatic,Petrol,660,5000,5290000
Toyota,Yaris Ativ,2025,Brand New,Automatic,Hybrid,1500,0,18500000
DFSK,Glory,2022,Used,Automatic,Petrol,1500,32950,9800000
Toyota,Raize,2025,Reconditioned,Automatic,Hybrid,1200,5000,13790000
Honda,Vezel,2026,Brand New,Automatic,Hybrid,1500,50,18675000
Suzuki,Alto,2015,Used,Manual,Petrol,796,119788,4095000
Nissan,Dayz,2024,Reconditioned,Automatic,Petrol,660,4100,7975000
Nissan,Dayz,2026,Brand New,Automatic,Hybrid,650,0,9350000
Daihatsu,Mira,2025,Brand New,Automatic,Petrol,660,5000,7290000
Mitsubishi,Montero,2013,Used,Automatic,Diesel,3200,25000,25500000
Suzuki,Alto,2014,Used,Manual,Petrol,800,55000,2997500
Suzuki,Every,2012,Used,Automatic,Petrol,650,163672,5695000
Kia,Stonic,2019,Used,Tiptronic,Petrol,1000,88000,9700000
Nissan,Patrol,2013,Used,Automatic,Diesel,3000,133079,25000000
Toyota,Taisor,2026,Brand New,Automatic,Petrol,1000,0,11025000
Nissan,Sunny,2007,Used,Manual,Petrol,1300,118000,5025000
Toyota,CHR,2017,Used,Automatic,Petrol,1200,22000,13500000
Hyundai,Trajet,2001,Used,Automatic,Petrol,1975,114543,3600000
Daihatsu,Mira,2026,Brand New,Automatic,Petrol,660,10,6690000
Toyota,Roomy,2024,Reconditioned,Automatic,Petrol,990,7999,10490000
Toyota,Premio,2010,Used,Automatic,Petrol,1500,154000,9850000
Toyota,Taisor,2026,Brand New,Automatic,Petrol,1000,0,10950000
Toyota,Raize,2026,Brand New,Automatic,Hybrid,1200,6,14700000
Toyota,Raize,2025,Brand New,Automatic,Petrol,1000,0,14175000
Daihatsu,Mira,2026,Brand New,Automatic,Petrol,660,0,7975000
Suzuki,Wagon R ZX,2026,Brand New,Automatic,Petrol,660,0,9750000
Toyota,Yaris,2026,Brand New,Automatic,Petrol,1000,0,11750000
Toyota,Yaris,2026,Brand New,Automatic,Petrol,1000,0,11990000
Suzuki,Wagon R FX,2024,Reconditioned,Automatic,Petrol,660,7000,8200000
Toyota,Yaris,2026,Brand New,Automatic,Petrol,1000,0,11975000
Suzuki,Wagon R Stingray,2017,Used,Automatic,Petrol,660,97000,7390000
Toyota,Taisor,2026,Brand New,Automatic,Petrol,1000,0,11900000
Honda,Vezel,2026,Import,Automatic,Hybrid,1500,60,19150000
Daihatsu,Taft,1979,Used,Manual,Diesel,2500,100000,2090000
Toyota,Yaris,2023,Reconditioned,Automatic,Petrol,1000,8100,9475000
Toyota,Taisor,2026,Brand New,Automatic,Petrol,1000,6,11800000
Suzuki,Alto,2016,Used,Automatic,Petrol,660,56000,5675000
Mercedes Benz,GLB 180,2024,New,Automatic,Petrol,1300,2800,39500000
Toyota,Yaris,2024,Brand New,Automatic,Petrol,1000,0,11450000
Toyota,Raize,2024,Reconditioned,Automatic,Petrol,660,14000,13550000
Daihatsu,Mira,2025,Brand New,Automatic,Petrol,660,0,6975000
Mitsubishi,Lancer,2008,Used,Automatic,Petrol,1500,101000,9750000
Nissan,Dayz,2026,Brand New,Automatic,Petrol,660,5,9250000
Toyota,Axio,2016,Used,Automatic,Hybrid,1500,116000,12300000
Toyota,Other Model,2026,Brand New,Automatic,Diesel,2750,0,31200000
Toyota,Yaris,2026,Brand New,Automatic,Petrol,1000,0,11250000
Toyota,Camry,1990,Used,Automatic,Diesel,1990,92000,2650000
Nissan,Dayz,2026,Brand New,Automatic,Petrol,660,5,9250000
Honda,Fit Aria,2006,Used,Automatic,Petrol,1500,156000,5295000
Toyota,Yaris,2026,Brand New,Automatic,Petrol,1000,0,11975000
Daihatsu,Mira,2026,Brand New,CVT automatic,Petrol,660,0,7975000
Nissan,Pulsar,1997,Used,Automatic,Diesel,1970,160000,2690000
Toyota,Yaris,2025,Brand New,Automatic,Petrol,1000,5000,11675000
Toyota,Other Model,2026,Brand New,Automatic,Diesel,2750,0,31500000
Mazda,Familia,1991,Used,Manual,Petrol,1500,100000,2000000
Suzuki,Wagon R,2016,Used,Automatic,Hybrid,650,65000,6200000
Toyota,Hilux,2026,Brand New,Automatic,Diesel,2800,5,31300000
Mercedes Benz,GLB 180,2025,New,Automatic,Petrol,1300,10000,39500000
Honda,Vezel,2026,Brand New,Automatic,Hybrid,1500,0,21250000
DFSK,Glory,2021,Used,Automatic,Petrol,1500,46000,9250000
Toyota,Prius,2013,Used,Automatic,Hybrid,1800,220000,11500000
Land Rover,Discovery,2016,Used,Automatic,Diesel,3000,110000,29850000
Suzuki,Wagon R,2026,Brand New,Automatic,Petrol,650,0,8240000
Land Rover,Discovery 5,2017,Used,Automatic,Diesel,2000,68000,29900000
Audi,A5,2019,Used,Automatic,Petrol,1400,22000,25450000
Daihatsu,Mira,2025,Brand New,Automatic,Petrol,650,3600,7475000
Toyota,Raize,2025,Brandnew,Automatic,Hybrid,1200,25,14395000
Toyota,Land Cruiser Sahara,2004,Used,Manual,Diesel,4200,82000,20350000
Land Rover,Range Rover,2018,Used,Automatic,Petrol,2000,100000,41450000
Toyota,Axio,2018,Used,Automatic,Hybrid,1500,59000,13500000
Mercedes Benz,E240,2002,Used,Automatic,Petrol,2600,148000,7450000
Toyota,Taisor,2026,Brand New,Automatic,Petrol,990,40,11775000
Suzuki,Wagon R,2024,Brand New,Automatic,Hybrid,650,0,8975000
Toyota,Hilux,2025,Brand New,Automatic,Diesel,2800,0,28500000
Toyota,Raize,2026,Brand New,Automatic,Hybrid,1200,0,14590000
Toyota,CHR,2018,Used,Automatic,Petrol,1200,60000,14000000
Honda,Vezel,2026,Brand New,Automatic,Hybrid,1500,0,20900000
Suzuki,Wagon R FX,2017,Used,Automatic,Hybrid,660,81500,6465000
Toyota,Yaris Cross,2026,Brand New,Automatic,Hybrid,1500,0,18890000
Toyota,Raize,2026,Brand New,Automatic,Hybrid,1200,0,14700000
Toyota,Vitz,2018,Used,Automatic,Petrol,1000,95000,8450000
Toyota,Hilux,1997,Used,Manual,Diesel,2440,180000,3985000
Honda,Vezel,2018,Used,Automatic,Petrol,1500,55000,2018
Suzuki,Alto,2015,Used,Manual,Petrol,800,120000,4240000
Toyota,Raize,2025,Used,Automatic,Hybrid,1200,1805,14700000
Toyota,Raize,2025,Brand New,Automatic,Hybrid,1200,0,14500000
Daihatsu,Rocky,2026,Brand New,Automatic,Hybrid,1198,250,14500000
Toyota,Land Cruiser,2025,Brand New,Automatic,Petrol,3500,3000,93500000
Mercedes Benz,GLB 200 AMG Premium Plus UK,2025,Brand New,Automatic,Petrol,1300,0,46000000
Toyota,Raize Z,2026,Brand New,Automatic,Hybrid,1200,0,14750000
Daihatsu,Mira,2025,Reconditioned,Automatic,Petrol,650,1616,7550000
Nissan,Dayz,2026,Brand New,Automatic,Hybrid,650,1,9375000
Toyota,Yaris Cross,2026,Brand New,Automatic,Hybrid,1500,0,17850000
Nissan,Dayz,2025,Brand New,Automatic,Hybrid,650,2,9175000
Honda,Vezel,2026,Brand New,Automatic,Hybrid,1500,0,19550000
Mitsubishi,Lancer,1979,Used,Manual,Petrol,1400,500000,680000
Toyota,Land Cruiser,2011,Used,Automatic,Petrol,4600,102000,45700000
Toyota,Prius,2011,Used,Automatic,Hybrid,1790,133034,9575000
Suzuki,Wagon R ZX,2026,Brand New,Automatic,Hybrid,660,0,9275000
Toyota,Yaris,2008,Used,Manual,Petrol,1300,119075,8000000
Nissan,March,2000,Used,Automatic,Petrol,1000,120833,3495000
Toyota,Taisor,2026,Brand New,Automatic,Petrol,1000,1,12250000
Toyota,Land Cruiser Prado,1998,Used,Manual,Diesel,2800,235000,11275000
Toyota,Raize,2023,Reconditioned,Automatic,Hybrid,1200,7762,14195000
Micro,Kyron,2011,Used,Automatic,Diesel,2000,167027,7695000
Daihatsu,Mira,2024,Reconditioned,CVT Automatic,Petrol,660,2900,7350000
Toyota,Corolla,1996,Used,Manual,Petrol,1330,130000,2850000
Daihatsu,Tanto,2024,Reconditioned,Automatic,Petrol,650,10900,8050000
Daihatsu,Mira,2025,Reconditioned,CVT Automatic,Petrol,660,3900,7450000
Kia,Picanto,2016,Used,Automatic,Petrol,1000,128330,5795000
Daihatsu,Mira,2025,Reconditioned,CVT Automatic,Petrol,660,2064,7450000
DFSK,Glory,2023,Used,Automatic,Petrol,1500,15000,10750000
Toyota,Raize,2024,Used,Automatic,Hybrid,1196,6400,14400000
Suzuki,Wagon R Stingray,2017,Used,Automatic,Petrol,660,97000,7390000
Suzuki,Wagon R,2026,Brand New,Automatic,Hybrid,660,0,9300000
Toyota,Raize,2026,Import,Automatic,Hybrid,1200,20,13645000
Ford,Raptor Ranger,2024,Used,Automatic,Diesel,3000,12000,26500000
Daihatsu,Mira,2025,Reconditioned,CVT Automatic,Petrol,660,6800,7450000
Daihatsu,Rocky,2025,Reconditioned,Automatic,Petrol,1000,0,14300000
Peugeot,407,2007,Used,Manual,Petrol,2000,137000,5195000
Daihatsu,Mira,2026,Brand New,CVT automatic,Petrol,660,0,7975000
Audi,Q3,2024,Import,Automatic,Petrol,1500,2600,30990000
Toyota,Raize,2026,Brand New,Automatic,Hybrid,1200,0,14500000
Nissan,Sunny,1987,Used,Manual,Petrol,1270,279127,1750000
Toyota,Aqua,2013,Used,Automatic,Hybrid,1496,162000,7390000
Toyota,Yaris,2023,Import,Automatic,Petrol,1000,20200,10890000
Kia,Sorento,2011,Used,Automatic,Diesel,2199,178500,11000000
Daihatsu,Mira,2025,Reconditioned,CVT Automatic,Petrol,660,2390,7450000
Daihatsu,Rocky,2025,Brand New,Automatic,Hybrid,1200,450,13675000
Toyota,Raize,2026,Brand New,Automatic,Petrol,1000,0,14650000
Toyota,Vitz,2018,Used,Automatic,Petrol,1000,63863,8850000
Daihatsu,Mira,2025,Reconditioned,Automatic,Petrol,660,2500,7150000
Toyota,Yaris,2024,Reconditioned,Automatic,Petrol,1000,9800,10750000
Hyundai,Venue,2019,Used,Automatic,Petrol,1000,92700,8990000
Mitsubishi,Montero,2014,Used,Tiptronic,Diesel,2500,174000,15750000
Suzuki,Wagon R,2026,Brand New,Automatic,Petrol,660,0,8550000
Toyota,Land Cruiser Sahara,2008,Used,Automatic,Petrol,4600,136500,38990000
Toyota,Starlet,1996,Used,Automatic,Petrol,1300,218321,3795000
Ford,Raptor Ranger,2025,Brand New,10-Speed Automatic,Petrol,2000,0,35950000
Toyota,Tercel,1996,Used,Automatic,Petrol,1300,284911,3095000
Volkswagen,T-Cross,2024,Reconditioned,Automatic,Petrol,1000,2000,15950000
Toyota,Aqua,2012,Used,Automatic,Hybrid,1490,154000,7375000
Honda,Vezel,2026,Brand New,Automatic,Petrol,1500,0,17350000
Mitsubishi,Outlander,2015,Used,Automatic,Hybrid,1990,101200,12950000
Suzuki,Wagon R FX,2024,Reconditioned,Automatic,Petrol,650,7000,7750000
BMW,520d,2014,Used,Automatic,Diesel,2000,118000,21450000
Toyota,Raize,2025,Brand New,Automatic,Petrol,1000,0,13500000
Toyota,Vitz,2007,Used,Automatic,Petrol,1290,99370,5800000
Toyota,Raize,2025,Used,Automatic,Hybrid,1200,3000,13750000
Mitsubishi,Montero,2011,Used,Automatic,Diesel,2500,153000,12800000
Suzuki,Fronx,2026,Brand New,Automatic,Petrol,1000,30,11790000
BMW,520d,2012,Used,Automatic,Diesel,2000,88000,17250000
Honda,Fit Shuttle,2016,Used,Automatic,Hybrid,1500,85000,11500000
Mitsubishi,Outlander,2013,Used,Automatic,Hybrid,2000,153000,11950000
Suzuki,Wagon R ZX,2026,Brand New,Automatic,Hybrid,660,0,9650000
Mitsubishi,Triton GSR,2024,Used,Tiptronic,Diesel,2400,16000,25000000
Toyota,Vanguard,2013,Used,Automatic,Petrol,2360,196000,11550000
Suzuki,Fronx,2026,Brand New,Automatic,Petrol,1000,10,11650000
Daihatsu,Mira,2026,Brand New,Automatic,Petrol,650,10,8490000
Toyota,Harrier,2014,Used,Automatic,Hybrid,2490,177000,16990000
Ford,Raptor Ranger,2019,Used,Automatic,Diesel,2000,170000,18500000
Toyota,Hilux,2018,Used,Tiptronic,Diesel,2800,125000,19500000
Toyota,Carina,1998,Used,Automatic,Petrol,1500,159000,5350000
BMW,i8,2019,Used,Tiptronic,Hybrid,1500,14000,45000000
Kia,Syros,2026,Brand New,Automatic,Petrol,1000,10,13800000
BMW,X1,2016,Used,Automatic,Petrol,1490,84000,17250000
Kia,Syros,2026,Brand New,Automatic,Petrol,1000,15,13990000
Toyota,Sienta,2016,Used,Automatic,Hybrid,1500,60000,12000000
Suzuki,Swift,2017,Used,Automatic,Petrol,1000,102000,7990000
Suzuki,Wagon R,2026,Brand New,Automatic,Petrol,660,0,8390000
Toyota,Premio,2016,Used,Automatic,Petrol,1500,108000,15200000
Suzuki,Spacia,2026,Brand New,Automatic,Hybrid,660,0,10790000
Suzuki,Wagon R FX,2018,Used,Automatic,Hybrid,650,108652,6390000
Toyota,Premio,2018,Used,Automatic,Petrol,1500,83000,16350000
Honda,Vezel,2014,Used,Automatic,Hybrid,1500,170000,9550000
DFSK,Glory,2022,Used,Automatic,Petrol,1500,32950,9800000
Toyota,Land Cruiser Prado,2018,Reconditioned,Automatic,Petrol,2800,110000,44500000
Suzuki,Swift,2004,Used,Manual,Petrol,650,125000,3685000
Suzuki,Spacia,2018,Used,Automatic,Hybrid,650,130000,7600000
Toyota,Vitz,2008,Used,Automatic,Petrol,998,141000,5590000
Suzuki,Alto,2015,Used,Manual,Petrol,800,115086,4000000
Toyota,Allion,2019,Used,Automatic,Petrol,1500,49000,16000000
Nissan,Aura,2024,Reconditioned,Automatic,Hybrid,1200,23000,13950000
Mazda,Flair,2023,Reconditioned,Automatic,Petrol,660,13500,7950000
Toyota,Prius,2014,Used,Automatic,Hybrid,1800,160000,11500000
Mitsubishi,Montero,2018,Reconditioned,Automatic,Diesel,3300,110000,29999000
Toyota,Axio,2019,Used,Automatic,Hybrid,1500,83000,13800000
Toyota,Prius,2012,Used,Automatic,Hybrid,1798,180000,11100000
Toyota,Land Cruiser Prado,2024,Brand New,Automatic,Petrol,2700,1000,63500000
Mercedes Benz,E200,2010,Used,Automatic,Petrol,1800,118500,13800000
Nissan,Presea,1994,Used,Manual,Petrol,1490,128000,2100000
BMW,X1,2018,Used,Automatic,Petrol,1500,75000,17500000
BAW,E7,2026,Used,Automatic,Electric,25,0,1000000
Toyota,Raize,2025,Brand New,Automatic,Hybrid,1200,240,13950000
Daihatsu,Mira,2025,Reconditioned,Automatic,Petrol,660,20000,7350000
Toyota,Raize,2025,Brand New,Automatic,Petrol,1200,0,14600000
Toyota,Corolla,2026,Brand New,Automatic,Petrol,1800,0,29500000
Suzuki,Wagon R,2026,Brand New,Automatic,Hybrid,660,0,9300000
Toyota,Roomy,2023,Brand New,Automatic,Petrol,996,47000,10200000
Honda,Vezel,2026,Brand New,Automatic,Hybrid,1500,20,18680000
BAW,E7,2026,Used,Automatic,Electric,25,0,1000000
Toyota,Raize,2025,Brand New,Automatic,Hybrid,1200,240,13950000
Daihatsu,Mira,2025,Reconditioned,Automatic,Petrol,660,20000,7350000
Toyota,Raize,2025,Brand New,Automatic,Petrol,1200,0,14600000
Toyota,Corolla,2026,Brand New,Automatic,Petrol,1800,0,29500000
Audi,Q3,2018,Used,Automatic,Petrol,1400,44500,15600000
Land Rover,Discovery Sport,2024,Reconditioned,Automatic,Hybrid,1500,3000,49000000
Audi,Q3,2024,Reconditioned,Automatic,Petrol,1500,1500,29000000
Toyota,Axio,2015,Mint condition,Automatic,Hybrid,1496,69600,11200000
Toyota,Yaris,2023,Reconditioned,Automatic,Petrol,1000,20000,8950000
Nissan,Leaf,2012,Used,Automatic,Electric,400,116300,6800000
Peugeot,5008,2019,Used,Automatic,Petrol,1200,47000,15000000
Kia,Sonet,2026,Brand New,Automatic,Petrol,1000,0,11050000
Toyota,Sprinter,1986,Used,Manual,Petrol,1300,100000,1550000
Honda,CRV,2018,Used,Automatic,Petrol,1500,59000,18800000
Toyota,Carina,1993,Used,Manual,Petrol,1500,125350,1790000
Suzuki,Every,2026,Brand New,Automatic,Petrol,650,0,9600000
Toyota,Land Cruiser Prado,2017,Reconditioned,Tiptronic,Diesel,3000,84000,51000000
Toyota,Land Cruiser Sahara,2003,Used,Automatic,Diesel,4200,230000,24000000
Toyota,Taisor,2025,Brand New,Automatic,Petrol,1000,50,11850000
Suzuki,Estilo,2010,Used,Manual,Petrol,1000,142000,3850000
Daihatsu,Thor,2023,Reconditioned,Automatic,Petrol,996,14000,10200000
Toyota,CHR,2019,Used,Automatic,Petrol,1200,60000,15000000
BMW,520d,2013,Used,Automatic,Diesel,2000,116000,18600000
Toyota,Yaris,2025,Brand New,Automatic,Hybrid,1500,0,19400000
Toyota,Raize,2025,Reconditioned,Automatic,Hybrid,1200,5000,13790000
Nissan,Patrol,2014,Used,Manual,Diesel,4200,149000,33750000
Audi,Q5,2011,Used,Automatic,Petrol,2000,190000,11500000
Mahindra,KUV 100,2022,Used,Manual,Petrol,1198,120000,4900000
Toyota,Land Cruiser Prado,2023,Brand New,Automatic,Petrol,22,0,45000
Morris,Minor,1950,Used,Manual,Petrol,850,160000,3000000
Honda,Freed,2026,Brand New,Automatic,Hybrid,1500,0,18200000
Toyota,Allion,2017,Used,Automatic,Petrol,1500,129000,13950000
Toyota,Yaris,2026,Brand New,Automatic,Petrol,1000,0,11300000
Daihatsu,Mira,2025,Reconditioned,Automatic,Petrol,658,2700,6975000
Maruti Suzuki,800,2006,Used,Manual,Petrol,800,92000,2300000
Honda,Vezel,2023,Reconditioned,Automatic,Hybrid,1500,23000,18500000
Honda,CRV,2019,Used,Automatic,Petrol,1500,129000,15900000
Toyota,Raize,2026,Brand New,Automatic,Hybrid,1200,0,15100000
Toyota,Yaris,2026,Brand New,Automatic,Petrol,1000,0,11600000
Toyota,Raize,2024,Reconditioned,Automatic,Hybrid,1200,26000,12900000
Honda,Vezel,2026,Brand New,Automatic,Hybrid,1500,0,21100000
Toyota,Raize,2026,Brand New,Automatic,Hybrid,1200,0,14500000
Suzuki,Alto,2015,Used,Manual,Petrol,796,148000,4250000
Kia,Picanto,2017,Used,Manual,Petrol,1000,113000,6000000
Toyota,Axio,2014,Used,Automatic,Petrol,1490,123000,9500000
Tata,Nano,2011,Used,Manual,Petrol,650,850000,1200000
Toyota,Vitz,2015,Used,Automatic,Petrol,1000,87118,7200000
Kia,Sportage,2013,Used,Automatic,Diesel,2000,135000,10550000
Kia,Sportage,2013,Used,Automatic,Diesel,2000,135000,10550000
Mercedes Benz,C220,1994,Used,Automatic,Diesel,2200,210000,5650000
Mercedes Benz,C220,1994,Used,Automatic,Diesel,2200,212000,5650000
Toyota,Voxy,2024,Brand New,Automatic,Hybrid,1800,60,30500000
BYD,Sealion 6,2025,Used,Automatic,Hybrid,1500,10000,20000000
Toyota,Rush,2010,Used,Automatic,Petrol,1500,148000,7250000
Nissan,Aura,2024,Reconditioned,Automatic,Hybrid,1200,23000,13950000
Toyota,Voxy,2024,Brand New,Automatic,Hybrid,1800,50,30500000
Toyota,Taisor,2026,Brand New,Automatic,Petrol,1000,50,11890000
Honda,Vezel,2014,Used,Automatic,Hybrid,1500,116000,9600000
Nissan,Clipper,2024,Reconditioned,Automatic,Petrol,660,12000,7800000
Toyota,Vitz,2013,Used,Automatic,Petrol,1300,80000,7250000
Daihatsu,Taft,2023,Used,Automatic,Petrol,660,25000,8390000
BMW,318i,2016,Used,Automatic,Petrol,1500,71000,15900000
Nissan,Magnite,2026,Brand New,Automatic,Petrol,1000,38,9650000
Nissan,Magnite,2025,Used,Automatic,Petrol,1000,3000,9200000
Honda,Step Wagon,2024,Reconditioned,Automatic,Petrol,1500,2800,23200000
Toyota,Aqua,2024,Used,Automatic,Petrol,1500,30000,14950000
Mercedes Benz,E220,2014,Used,Automatic,Diesel,2000,90000,15600000
BMW,320i,2000,Used,Manual,Diesel,2000,150000,6700000
Toyota,Aqua,2014,Used,Automatic,Hybrid,1496,160962,8275000
Suzuki,Wagon R ZX,2026,Reconditioned,Automatic,Hybrid,660,0,9500000
Toyota,Premio,2016,Used,Automatic,Petrol,1500,108000,15200000
Toyota,Yaris,2024,Import,Automatic,Petrol,1000,30000,9490000
Mitsubishi,Montero,2012,Used,Automatic,Diesel,2500,189000,14000000
Mercedes Benz,A200,2018,Reconditioned,Automatic,Petrol,1400,35000,18750000
Mercedes Benz,CLA 180,2017,Used,auto triptonic,Petrol,1690,104000,16500000
Mercedes Benz,E200,2024,Brand New,Automatic,Petrol,2000,100,65000000
Suzuki,Wagon R,2026,Brand New,Automatic,Hybrid,650,0,9150000
Nissan,Dayz,2026,Brand New,Automatic,Petrol,660,0,7975000
Audi,Q2,2017,Used,Tiptronic,Petrol,1000,97669,12500000
Toyota,Raize,2026,Brand New,Automatic,Hybrid,1200,0,15100000
Kia,Sorento,2012,Used,Automatic,Diesel,2199,197000,9500000
Suzuki,Wagon R,2018,Used,Automatic,Hybrid,660,98000,6775000
Mahindra,Scorpio,2026,Brand New,Automatic,Diesel,2179,0,13385593
Toyota,Raize,2026,Brand New,Automatic,Hybrid,1200,0,15100000
Honda,Vezel,2026,Brand New,Automatic,Hybrid,1500,0,20900000
Toyota,Roomy,2025,Reconditioned,Automatic,Petrol,1000,10000,11600000
Audi,Q3,2018,Used,Automatic,Petrol,1400,40000,15500000
Toyota,Raize,2026,Brand New,Automatic,Hybrid,1200,0,14800000
Kia,Sorento,2011,Used,Automatic,Diesel,2190,167000,9250000
Mercedes Benz,C180,2009,Used,Automatic,Petrol,1597,156000,9150000
Honda,Vezel,2026,Brand New,Automatic,Hybrid,1500,0,20475000
Mitsubishi,Montero,2013,Used,Automatic,Diesel,3200,141000,23800000
Honda,Vezel,2025,Brand New,Automatic,Hybrid,1490,1800,19650000
Toyota,Land Cruiser Prado,2024,Reconditioned,Automatic,Petrol,2700,11000,59700000
BMW,318i,2018,Used,Automatic,Petrol,1500,77000,17600000
Daihatsu,Mira,2025,Reconditioned,Automatic,Petrol,660,11850,7050000
Mercedes Benz,CLA 180,2025,Reconditioned,Automatic,Petrol,1500,5000,34000000
Mazda,6,2014,Used,Automatic,Petrol,2000,162000,10300000
Mercedes Benz,C220,2013,Used,Automatic,Diesel,2200,126000,13250000
Land Rover,Range Rover,2018,Used,Manual,Diesel,2000,46000,39500000
Jeep,Renegade,2017,Used,Automatic,Petrol,1400,66000,10850000
Toyota,Alphard,2025,Brand New,Automatic,Hybrid,2500,0,59850000
Land Rover,Range Rover,2008,Used,Automatic,Diesel,4400,90000,26500000
Daihatsu,Taft,2023,Reconditioned,Automatic,Petrol,660,8000,9650000
Daihatsu,Taft,2024,Reconditioned,Automatic,Petrol,660,9000,9650000
Toyota,Yaris Cross,2023,Reconditioned,Automatic,Petrol,1500,4000,16950000
Toyota,Land Cruiser Prado,2019,Used,Automatic,Diesel,2800,29000,58500000
Suzuki,Swift,2024,Reconditioned,Automatic,Petrol,1,13000,13850000
Honda,Vezel,2024,Import,Automatic,Hybrid,1500,20000,16400000
Toyota,Roomy,2023,Brand New,Automatic,Petrol,996,47000,10200000
Honda,Vezel,2026,Brand New,Automatic,Hybrid,1500,0,21200000
Ford,Raptor Ranger,2025,Brand New,Automatic,Diesel,2000,0,38550000
Nissan,Almera,2025,Brand New,Automatic,Petrol,1000,0,14650000
Honda,WR-V,2024,Brand New,Automatic,Petrol,1500,0,17950000
Toyota,Roomy,2026,Brand New,Automatic,Petrol,1000,0,12350000
MG,MG4 X,2024,Brand New,Automatic,Electric,425,0,16000000
Honda,Vezel,2017,Used,Automatic,Hybrid,1500,76000,1195000
Honda,Vezel,2026,Brand New,Automatic,Hybrid,1500,0,19200000
Suzuki,Wagon R Stingray,2018,Used,Automatic,Hybrid,660,64000,7650000
Honda,Vezel,2026,Brand New,Automatic,Hybrid,1500,0,19600000
BMW,Mini Cooper,2016,Used,Automatic,Petrol,1600,69000,11500000
Ssang Yong,Tivoli,2015,Used,Tiptronic,Petrol,1600,150000,7190000
Honda,Vezel,2026,Brand New,Automatic,Hybrid,1500,0,21300000
Nissan,Dayz,2023,Reconditioned,Automatic,Petrol,650,5000,7500000
Mitsubishi,eK Wagon,2024,Reconditioned,Automatic,Petrol,650,5000,7500000
BMW,225XE,2018,Used,Automatic,Hybrid,1500,80000,17500000
Honda,Vezel,2026,Brand New,Automatic,Hybrid,1500,0,19950000
Suzuki,Swift,2018,Used,Automatic,Petrol,1000,125000,2018
Toyota,Land Cruiser Sahara,2011,Used,Automatic,Petrol,4600,280000,35000000
Porsche,Panamera,2013,Used,Automatic,Hybrid,3000,63000,32000000
Daihatsu,Mira,2025,Reconditioned,Automatic,Petrol,660,800,7490000
Toyota,Raize,2026,Brand New,Automatic,Hybrid,1200,0,14750000
Mercedes Benz,GLB,2022,Reconditioned,Automatic,Petrol,1330,15000,32990000
Suzuki,Wagon R ZX,2026,Brand New,Automatic,Hybrid,660,0,9350000
Honda,Vezel,2026,Brand New,Automatic,Hybrid,1500,0,19375000
Toyota,Roomy,2023,Reconditioned,Automatic,Petrol,1000,9000,9600000
Toyota,Avanza,2012,Used,Automatic,Petrol,1300,150000,7200000
Toyota,Prius,2013,Used,Automatic,Hybrid,1800,120950,10950000
Daihatsu,Rocky,2026,Brand New,Automatic,Hybrid,1198,250,14500000
Chrysler,300,2012,Used,Automatic,Petrol,3600,53000,19500000
Toyota,Land Cruiser,2024,Brand New,Automatic,Diesel,3500,0,106000000
Toyota,Roomy,2025,Unregistered,Automatic (CVT),Hybrid,660,7400,11625000
Ford,Laser,2004,Used,Automatic,Petrol,1600,150000,3950000
Perodua,Axia,2016,Used,Automatic,Petrol,998,48000,5800000
Land Rover,Range Rover,2025,Brand New,Automatic,Hybrid,3000,0,164000000
Honda,Vezel,2017,Used,Automatic,Hybrid,1500,74000,12785000
Honda,Vezel,2024,Unregistered,Automatic,Hybrid,1500,11500,17850000
Mercedes Benz,C200,2024,Reconditioned,Automatic,Petrol,1500,10000,43700000
Toyota,Land Cruiser Prado,2006,Used,Automatic,Petrol,4000,119000,18250000
Honda,Vezel,2024,Used,Automatic,Hybrid,1500,11500,17850000
Toyota,Yaris,2024,Reconditioned,Automatic,Petrol,1000,39000,9800000
Bajaj,Qute,2020,Used,Manual,Petrol,216,30000,1555055
Suzuki,Alto,2025,Brand New,Automatic,Petrol,660,1000,7690000
Toyota,Land Cruiser 79,2018,Used,Manual,Diesel,4500,95039,38500000
Mitsubishi,eK Wagon,2024,Reconditioned,Automatic,Petrol,660,3900,7450000
Toyota,Starlet,1997,Used,Automatic,Petrol,1450,175000,3250000
Suzuki,Spacia,2026,Brand New,Automatic,Hybrid,660,0,10790000
Honda,Civic,2010,Used,Automatic,Hybrid,1500,192638,7595000
Toyota,Axio,2016,Used,Automatic,Hybrid,1500,148521,11250000
Nissan,Sunny,2000,Used 3rd Owner,Automatic,Petrol,1500,202889,4150000
Toyota,Raize,2025,Brand New,Automatic,Petrol,1000,6000,12575000
Toyota,Aqua,2012,Used,Automatic,Hybrid,1496,124000,7300000
Honda,Vezel,2025,Used,Automatic,Hybrid,1500,5000,20175000
Audi,A3,2018,Used,Automatic,Petrol,1000,38000,14575000
Ford,Raptor Ranger,2015,Used,Manual,Diesel,3200,132000,15700000
Honda,Vezel,2025,Brand New,Automatic,Hybrid,1500,0,18975000
Suzuki,Wagon R,2026,Brand New,Automatic,Hybrid,650,0,9775000
Toyota,Yaris,2024,Brand New,Automatic,Petrol,1000,6000,10275000
Suzuki,Alto,2007,Used,Manual,Petrol,800,129000,2850000
Toyota,Land Cruiser Prado,2024,Brand New,Automatic,Petrol,2700,0,61500000
Daihatsu,Mira,2025,Brand New,Automatic,Petrol,650,0,8275000
Land Rover,Defender,2024,Brand New,Automatic,Petrol,2000,1600,68700000
Toyota,Voxy,2024,Brand New,Automatic,Hybrid,1800,0,32000000
Mitsubishi,Lancer,1985,Used,Manual,Petrol,1500,344400,695000
Mitsubishi,Eclipse Cross,2018,Used,Automatic,Petrol,1500,88200,13495000
Toyota,Corolla,2023,Reconditioned,Tiptronic,Petrol,1500,20000,19000000
Nissan,FB13,1992,Used,Manual,Petrol,1500,133652,2375000
Toyota,Raize,2025,Brand New,Automatic,Hybrid,1200,2600,14375000
Toyota,Starlet,1998,Used,Automatic,Petrol,1300,197000,4125000
Honda,Honda Vezel Z,2014,Used,7-Speed Dual Clutch Automatic (DCT),Petrol,1496,200000,9350000
Honda,Vezel,2026,Brand New,Automatic,Hybrid,1500,0,21175000
MG,ZS,2025,Used,Automatic,Petrol,1000,2000,13250000
Nissan,Dayz,2023,Reconditioned,Automatic,Petrol,660,20000,7585000
Toyota,Raize,2026,Brand New,Automatic,Hybrid,1200,0,14575000
Audi,A3,2023,Used,Tiptronic,Petrol,1000,33000,21000000
BMW,Other Model,2004,Used,Manual,Petrol,1600,86000,8500000
Toyota,Axio,2017,Used,Automatic,Hybrid,1496,115000,12750000
Honda,Vezel,2023,Brand New,Automatic,Hybrid,1500,10000,18000000
Nissan,Dayz,2024,Brand New,Automatic,Petrol,660,7000,7575000
Toyota,Vitz,2011,Used,Automatic,Petrol,1000,166200,6575000
Toyota,Vitz,2015,Used,Automatic,Petrol,1000,123000,7550000
Mercedes Benz,S320,2003,Used,Automatic,Diesel,3200,97000,9000000
Mercedes Benz,E200,2005,Used,Automatic,Petrol,1800,70000,9000000
Suzuki,Wagon R,2015,Used,Automatic,Petrol,660,119000,6215000
Mercedes Benz,ML320,2001,Used,Automatic,Petrol,3200,101000,7500000
Toyota,Land Cruiser Prado,2023,Brand New,Automatic,Petrol,2800,18000,51850000
Toyota,Yaris,2023,Reconditioned,Automatic,Petrol,1000,35000,9100000
Toyota,Hilux,2018,Used,Automatic,Diesel,2800,60000,19000000
Honda,Fit Shuttle,2013,Used,Automatic,Hybrid,1330,190000,9000000
Toyota,Roomy,2023,Reconditioned,Automatic,Petrol,996,34000,9100000
Suzuki,Alto,2018,Reconditioned,Manual,Petrol,800,98000,4790000
Daihatsu,Mira,2025,Reconditioned,Automatic,Petrol,660,11000,6875000
Suzuki,Wagon R FX,2024,Brand New,Automatic,Petrol,660,1,7950000
Honda,Vezel,2026,Brand New,Automatic,Hybrid,1500,445,19465000
Toyota,Vios,2010,Reconditioned,Automatic,Petrol,1500,165000,5790000
Mercedes Benz,C200,1997,Used,Automatic,Petrol,2000,103000,5600000
Suzuki,Baleno,2019,Used,Automatic,Petrol,1000,93000,7950000
Toyota,Raize,2025,Reconditioned,Automatic,Petrol,1000,5092,12400000
Mitsubishi,eK Wagon,2024,Brand New,Automatic,Petrol,650,3000,7550000
Nissan,Dayz,2024,Brand New,Automatic,Petrol,650,0,7850000
Toyota,Roomy,2023,Reconditioned,Automatic,Petrol,990,20000,10390000
Jaguar,X-Type,2003,Used,Automatic,Petrol,2099,124000,6000000
Mitsubishi,Outlander,2015,Used,Automatic,Hybrid,1990,101200,12950000
Tesla,Model 3,2024,Brand New,Automatic,Electric,575,0,33000000
BMW,X1,2025,Brand New,Automatic,Petrol,1500,0,31500000
Daihatsu,Cast Activa,2023,Used,Automatic,Petrol,650,13000,7450000
Mercedes Benz,GLB,2024,Reconditioned,Automatic,Petrol,1300,9000,35000000
Suzuki,Fronx,2026,Brand New,Automatic,Petrol,1000,0,11450000
Mercedes Benz,GLB,2024,Reconditioned,Automatic,Petrol,1300,8000,34500000
Mercedes Benz,GLB,2025,Reconditioned,Automatic,Petrol,1300,3500,38000000
Honda,Vezel,2023,Reconditioned,Automatic,Hybrid,1500,3200,17250000
Land Rover,Discovery,2014,Used,Automatic,Diesel,3000,179000,24200000
Toyota,Land Cruiser Prado,2005,Used,Manual,Petrol,2700,146000,4000000
Toyota,Hilux,2017,Used,Manual,Diesel,2800,110000,15800000
Daihatsu,Mira,2024,Reconditioned,Automatic,Petrol,660,5800,6950000
Toyota,Taisor,2026,Brand New,Automatic,Petrol,1000,0,11749000
Daihatsu,Mira,2023,Brand New,Automatic,Petrol,660,12000,6775000
Toyota,Taisor,2026,Brand New,Automatic,Petrol,1000,0,11749000
Toyota,Taisor,2026,Brand New,Automatic,Petrol,1000,0,11749000
Daihatsu,Mira,2025,Reconditioned,Automatic,Petrol,650,14125,7350000
Daihatsu,Mira,2024,Reconditioned,Automatic,Petrol,660,6300,7300000
Toyota,Roomy,2024,Used,Automatic,Petrol,1000,22000,10850000
Mini,Cooper,2017,Used,Automatic,Petrol,1500,130000,11850000
Toyota,Yaris,2025,Reconditioned,Automatic,Petrol,1000,4414,10600000
Land Rover,Discovery,2019,Used,Automatic,Diesel,2000,47000,34500000
Suzuki,Wagon R ZX,2025,Reconditioned,Automatic,Hybrid,660,7160,9000000
Nissan,March,2010,Used,Automatic,Petrol,1200,110000,5385000
Daihatsu,Mira,2024,Brand New,Automatic,Petrol,650,6500,6975000
Suzuki,Swift,2017,Used,Automatic,Petrol,1000,64200,8590000
Toyota,Yaris,2024,Brand New,Automatic,Petrol,1000,55000,9275000
Mahindra,Scorpio,2026,Brand New,Automatic,Diesel,2179,0,13385593
Suzuki,Wagon R,2026,Brand New,Automatic,Petrol,650,8,9500000
Suzuki,Alto,2024,Brand New,Automatic,Petrol,660,5000,6875000
Daihatsu,Mira,2023,Reconditioned,Automatic,Petrol,660,3500,6875000
Mitsubishi,eK Wagon,2024,Used,Automatic,Hybrid,650,7000,8450000
Audi,Q7,2016,Used,Automatic,Petrol,2000,78000,28500000
Suzuki,Wagon R FX,2024,Brand New,Automatic,Petrol,650,8000,7950000
Mitsubishi,Montero,2008,Used,Manual,Diesel,2500,199000,10300000
Daihatsu,Mira,2025,Reconditioned,Automatic,Petrol,650,2500,7150000
Nissan,Serena,2025,Brand New,Automatic,Petrol,1400,0,23250000
Land Rover,Defender,2023,Used,Automatic,Petrol,2000,23000,63500000
Mercedes Benz,E220,2014,Used,Automatic,Diesel,2200,88000,18000000
Suzuki,Alto,2024,Brand New,Automatic,Hybrid,660,4000,6975000
Hyundai,Tucson,2013,Used,Tiptronic,Diesel,2000,122000,7650000
Audi,A3 Advanced,2023,Brand New,Automatic,Petrol,1000,17000,19000000
Mercedes Benz,C200 UK AMG Premium Plus,2025,Brand New,Automatic,Petrol,1500,0,48000000
Mercedes Benz,Mercedes-Benz E200 Blue Efficiency,2012,Used,7G-Tronic Automatic,Petrol,1800,940002,14500000
Toyota,Taisor V,2026,Brand New,Automatic,Petrol,1000,0,11950000
Daihatsu,Mira,2026,Reconditioned,Automatic,Petrol,660,4000,6995000
Kia,Sonet GTX+,2026,Brand New,Automatic,Petrol,1000,0,12600000
Audi,A3,2024,Reconditioned,Automatic,Petrol,1000,9800,18985000
Daihatsu,Mira,2025,Brand New,Automatic,Petrol,650,20,6975000
Micro,Geely,2012,Used,Manual,Petrol,1300,100100,2690000
Kia,Sonet GTX+,2026,Brand New,Automatic,Petrol,1000,0,12600000
Toyota,Yaris,2026,Brand New,Automatic,Petrol,1000,0,10975000
Land Rover,Range Rover,2018,Used,Automatic,Hybrid,2000,47000,60000000
Toyota,Land Cruiser Prado,2005,Used,Manual,Petrol,2700,146000,4000000
Toyota,Land Cruiser Prado,2016,Used,Tiptronic,Petrol,2700,21000,39000000
Perodua,Axia,2019,Used,Automatic,Petrol,1000,91100,6700000
Mercedes Benz,C180,2015,Used,Automatic,Petrol,1595,115000,15500000
Toyota,Yaris Cross,2024,Reconditioned,Automatic,Hybrid,1490,21000,16295000
Toyota,Harrier,2017,Used,Tiptronic,Petrol,2000,164000,18900000
Suzuki,XBee,2024,Reconditioned,Automatic,Hybrid,996,18000,10675000
Jeep,Grand Cherokee,2006,Used,Automatic,Petrol,4700,156000,6850000
Suzuki,Swift,2004,Used,Automatic,Petrol,1300,168000,4480000
Suzuki,Fronx,2026,Brand New,Automatic,Hybrid,1000,250,11150000
Mitsubishi,Outlander,2016,Used,Tiptronic,Petrol,2400,160000,13800000
Honda,Vezel,2026,Brand New,Automatic,Hybrid,1500,0,21300000
Suzuki,Spacia,2024,Brand New,Automatic,Hybrid,650,0,10075000
Suzuki,Wagon R,2024,Reconditioned,Automatic,Hybrid,650,4700,9150000
Toyota,Yaris,2024,Used,Automatic,Petrol,1000,5500,9650000
Audi,A3,2019,Used,Automatic,Petrol,1000,95000,11675000
Toyota,Land Cruiser,2026,Brand New,Automatic,Petrol,3440,0,112000000
Audi,e-tron,2024,Brand New,Automatic,Electric,1,0,37500000
Honda,Vezel,2016,Used,Automatic,Hybrid,1500,160000,11475000
Suzuki,Wagon R Stingray,2017,Used,Automatic,Petrol,660,97000,7390000
Mitsubishi,Lancer,1980,Used,Manual,Petrol,1400,100000,590000
Toyota,Hilux,2026,Brand New,Automatic,Petrol,2800,0,25990000
Toyota,Belta,2009,Used,Automatic,Petrol,1290,112000,6750000
Nissan,Presea,1995,Reconditioned,Automatic,Petrol,1490,250000,2825000
Nissan,Sunny,1984,Used,Manual,Petrol,1500,352800,1595000
Honda,Vezel,2023,Reconditioned,Automatic,Hybrid,1500,12000,19500000
Toyota,Allion,2007,Used,Automatic,Petrol,1500,210000,9000000
Hyundai,Venue,2026,Brand New,Automatic,Petrol,1000,0,12790000
Honda,Vezel,2024,Import,Automatic,Hybrid,1500,20000,16400000
Suzuki,Wagon R,2026,Brand New,Automatic,Hybrid,660,0,9300000
Toyota,Raize,2026,Import,Automatic,Hybrid,1200,20,13645000
Honda,Vezel,2026,Brand New,Automatic,Hybrid,1500,0,19990000
Kia,Sonet,2026,Brand New,Automatic,Petrol,1000,0,11890000
Volkswagen,Polo,2020,Used,Automatic,Petrol,1000,75000,9990000
Mercedes Benz,E350,2017,Used,Automatic,Hybrid,2000,57000,25990000
Jeep,Compass,2020,Used,Automatic,Petrol,1500,107000,14500000
Toyota,Belta,2007,Used,Automatic,Petrol,1300,217000,6400000
Mitsubishi,Montero,2002,Used,Automatic,Petrol,2970,160000,7950000
Kia,Sonet,2026,Brand New,Automatic,Petrol,1000,0,11390000
Chevrolet,Other Model,2008,Used,Manual,Diesel,2500,285000,3200000
Toyota,Urban Cruiser,2026,Brand New,Automatic,Petrol,1000,0,10890000
Subaru,Forester,2015,Used,Tiptronic,Petrol,2000,130000,12900000
Toyota,Hilux,2026,Brand New,Automatic,Diesel,2800,0,29950000
Hyundai,Atos,2005,Used,Automatic,Petrol,990,107000,2790000
BMW,740Li,2011,Used,Automatic,Petrol,3000,90000,18990000
Nissan,Roox,2023,Reconditioned,Automatic,Petrol,660,19000,9650000
Chevrolet,Cruze,2003,Used,Automatic,Petrol,1320,192000,4400000
Nissan,Clipper,2023,Reconditioned,Manual,Petrol,660,1635,5850000
Suzuki,Alto,2011,Used,Manual,Petrol,800,165000,3200000
Maruti Suzuki,800,2010,Used,Manual,Petrol,800,86444,2425000
Toyota,Raize,2023,Reconditioned,Automatic,Petrol,998,19500,11350000
Honda,Fit,2018,Used,Automatic,Hybrid,1500,60000,10500000
Toyota,Aqua,2014,Used,Automatic,Hybrid,1500,148000,7675000
Toyota,Axio,2014,Used,Automatic,Hybrid,1490,203768,11000000
Suzuki,Wagon R,2018,Used,Automatic,Hybrid,650,144200,6575000
Honda,Insight,2009,Used,Automatic,Hybrid,1339,300000,6750000
Honda,Vezel,2026,Brand New,Automatic,Petrol,1500,0,17350000
Honda,Vezel,2026,Brand New,Automatic,Hybrid,1498,1,21250000
Toyota,Premio,2017,Used,Automatic,Petrol,1500,128173,15200000
Daihatsu,Taft,2023,Reconditioned,Automatic,Petrol,650,14200,8990000
Suzuki,Wagon R ZX,2026,Brand New,Automatic,Hybrid,660,2,9350000
Suzuki,XBee,2018,Used,Automatic,Petrol,950,105000,8175000
Honda,Vezel,2024,Reconditioned,Tiptronic,Hybrid,1500,19000,18150000
Suzuki,Alto,2016,Used,Manual,Petrol,800,135000,4375000
Honda,N-WGN,2026,Import,Automatic,Petrol,660,0,8000000
Kia,Sorento,2012,Used,Tiptronic,Diesel,2200,110800,10956000
Nissan,March,2011,Reconditioned,Automatic,Petrol,1300,123000,4990000
Suzuki,Wagon R Stingray,2015,Used,Automatic,Hybrid,660,126000,5875000
Mercedes Benz,GLE 300D,2016,Used,Automatic,Diesel,2200,80000,27990000
Toyota,Land Cruiser Prado,2011,Used,Automatic,Petrol,2700,128000,27000000
Suzuki,Swift,2007,Used,Automatic,Petrol,1240,88600,5875000
Mitsubishi,Lancer,2011,Used,Automatic,Petrol,1584,134000,7000000
Land Rover,Range Rover Evoque,2013,Used,Automatic,Diesel,2200,160000,13000000
Peugeot,5008,2019,Used,Automatic,Petrol,1200,265000,12250000
Mitsubishi,Minica,2002,Used,Automatic,Petrol,660,280000,2990000
BAW,E7,2026,Brand New,Automatic,Electric,25,0,1000000
BAW,E7,2026,Used,Automatic,Electric,25,0,1000000
Renault,KWID,2017,Used,Manual,Petrol,800,85000,3750000
BAIC,X55 II,2025,Used,Automatic,Petrol,1500,6047,15000000
Toyota,CHR,2017,Used,Automatic,Petrol,1200,99700,12850000
Toyota,Taisor,2026,Brand New,Automatic,Petrol,990,45,12200000
Toyota,Yaris,2023,Reconditioned,Automatic,Petrol,1000,7900,9475000
Ford,Raptor Ranger,2020,Used,Automatic,Diesel,2200,31000,23500000
Mitsubishi,Montero,2013,Used,Automatic,Diesel,3200,119000,255000000
Toyota,Starlet,1997,Used,Automatic,Petrol,1450,175000,3250000
Honda,Civic,1990,Used,Manual,Petrol,1450,145000,1450000
Honda,Vezel,2026,Brand New,Automatic,Hybrid,1500,0,21200000
Nissan,Cedric P430,1996,Used,Automatic,Diesel,2800,315000,4850000
Audi,Q2,2018,Used,Tiptronic,Petrol,1000,133000,11650000
Mitsubishi,L200,2011,Used,Manual,Diesel,2500,170000,9150000
Hyundai,Sonata,2010,Used,Tiptronic,Petrol,2400,120000,6750000
Honda,Vezel,2026,Brand New,Automatic,Hybrid,1498,3,20600000
Honda,Vezel,2026,Brand New,Automatic,Hybrid,1500,0,19950000
Audi,A3,2023,Reconditioned,Automatic,Petrol,1000,19000,16850000
Toyota,Verossa,2002,Used,Automatic,Petrol,2000,178000,5850000
Mazda,Familia,2001,Used,Automatic,Petrol,1500,168000,4050000
Suzuki,Grand Vitara,2003,Used,Automatic,Diesel,2000,220000,5500000
Toyota,Premio,2013,Used,Automatic,Petrol,1500,136000,12450000
Perodua,Bezza,2017,Used,Automatic,Petrol,1000,129000,6800000
Suzuki,Swift,2009,Used,Automatic,Petrol,1500,183000,2009
Nissan,Teana,2013,Used,Automatic,Petrol,2500,60000,9950000
Perodua,Kelisa,2006,Used,Automatic,Petrol,989,97000,3400000
Toyota,CHR,2017,Used,Automatic,Petrol,1200,24000,14000000
Tata,Nano,2015,Used,Manual,Petrol,624,100000,2300000
Daewoo,Other Model,1995,Used,Manual,Petrol,1500,243804,1450000
Toyota,Raize,2025,Import,Automatic,Hybrid,1200,5,13250000
Nissan,Sunny,1992,Used,Manual,Petrol,1500,159012,2200000
Nissan,Wingroad,1997,Used,Automatic,Diesel,2000,85000,2490000
Suzuki,Swift,2017,Used,Automatic,Petrol,1200,98000,8300000
Tata,Nano,2012,Used,Manual,Petrol,624,100000,1300000
Suzuki,Maruti,2011,Used,Manual,Petrol,800,78000,2595000
Bajaj,Qute,2020,Used,Manual,Petrol,217,60000,1550000
DFSK,Glory,2022,Used,Automatic,Petrol,1500,32950,9800000
Nissan,Dayz,2024,Reconditioned,Automatic,Hybrid,660,7000,8175000
Nissan,Aura,2024,Reconditioned,Automatic,Hybrid,1200,23000,13950000
Mercedes Benz,S580e,2027,Brand New,Automatic,Hybrid,3000,0,159000000
Nissan,Sunny,1997,Used,Manual,Petrol,1300,240000,2900000
Toyota,Raize,2025,Import,Automatic,Hybrid,1200,10,14500000
Daihatsu,Copen,2015,Used,Automatic,Petrol,650,9800,7390000
Toyota,Land Cruiser Prado,2024,Brand New,Tiptronic,Petrol,2750,0,59000000
Toyota,Vitz,2018,Used,Automatic,Petrol,1000,84600,8650000
Nissan,Sunny,1988,Used,Manual,Petrol,1500,140000,1650000
Audi,A3,2018,Used,Tiptronic,Petrol,1000,127000,14500000
Suzuki,Alto,2006,Used,Manual,Petrol,796,212180,1050000
Toyota,Raize,2024,Reconditioned,Automatic,Hybrid,1200,12000,13475000
Toyota,Taisor,2026,Brand New,Automatic,Petrol,1000,0,11850000
Kia,Sonet,2026,Brand New,Automatic,Petrol,1000,0,11550000
Suzuki,Wagon R,2025,Brand New,Automatic,Petrol,660,2000,7890000
Suzuki,Alto,2024,Reconditioned,Automatic,Hybrid,650,2000,7450000
Suzuki,Wagon R Stingray,2018,Used,Automatic,Hybrid,650,135000,7495000
BMW,X5,2016,Used,Automatic,Electric,2000,49000,25950000
Micro,Kyron,2010,Used,Automatic,Diesel,2000,150000,6395000
Toyota,Land Cruiser Prado,2006,Used,Automatic,Petrol,2700,200000,14995000
Honda,Accord,2003,Used,Automatic,Petrol,2400,125000,4495000
Suzuki,Alto,2017,Used,Automatic,Petrol,660,50000,5690000
Toyota,Land Cruiser Sahara,2008,Used,Manual,Diesel,4500,301000,33500000
Land Rover,Range Rover Evoque,2013,Used,Automatic,Diesel,2200,110000,14600000
Toyota,Mark,2011,Used,Automatic,Petrol,2490,165000,7995000
Suzuki,Wagon R FX,2024,Used,Automatic,Hybrid,660,13000,8250000
Toyota,Other Model,2001,Used,Automatic,Petrol,2400,220000,6900000
BYD,Sealion 6,2024,Used,Automatic,Petrol,1500,10000,20250000
Suzuki,Wagon R Stingray,2017,Used,Automatic,Petrol,660,97000,7390000
Toyota,Land Cruiser Prado,2017,Used,Automatic,Diesel,3000,64000,50500000
Mazda,Tribute,2006,Used,Automatic,Petrol,1800,125000,4995000
Land Rover,Discovery,2012,Reconditioned,Automatic,Diesel,3000,165000,20000000
Chery,QQ,2008,Used,Manual,Petrol,800,110000,1725000
BMW,528i,2012,Used,Automatic,Petrol,2000,130000,17500000
Mercedes Benz,E200,2012,Used,Automatic,Petrol,1800,168000,15800000
Suzuki,Wagon R ZX,2026,Brand New,Automatic,Hybrid,660,0,9295000
Hyundai,Tucson,2010,Used,Automatic,Petrol,2000,160000,8000000
Toyota,Hilux,2006,Used,Automatic,Diesel,3000,205000,11875000
Nissan,Dayz,2017,Used,Automatic,Petrol,650,91000,5990000
Toyota,Vitz,2007,Used,Automatic,Petrol,1000,146000,6000000
Daihatsu,Mira,2024,Reconditioned,Automatic,Petrol,660,1000,7800000
Toyota,Roomy,2024,Reconditioned,Automatic,Petrol,1000,15000,10800000
Renault,KWID,2016,Used,Manual,Petrol,800,70500,3925000
Honda,Vezel,2026,Brand New,Automatic,Hybrid,1500,0,19500000
Chery,QQ,2010,Used,Manual,Petrol,800,89232,1575000
Mitsubishi,eK Wagon,2025,Brand New,Automatic,Petrol,650,0,7550000
Suzuki,Spacia,2024,Reconditioned,Automatic,Petrol,660,2270,9650000
Perodua,Viva Elite,2014,Brand New,Automatic,Petrol,1000,152000,4850000
BMW,740iL,2011,Used,Automatic,Petrol,3000,30470,19950000
Honda,Vezel,2026,Import,Automatic,Hybrid,1500,2,18800000
Hyundai,Santa Fe,2013,Used,Automatic,Diesel,2000,105000,13800000
Tata,Nano,2012,Used,Manual,Petrol,624,97453,1360000
Toyota,Passo,2016,Used,Automatic,Petrol,990,70698,7800000
Mitsubishi,Montero,2012,Used,Automatic,Diesel,2500,160000,15500000
Land Rover,Freelander,2012,Used,Automatic,Diesel,2200,140000,12000000
Nissan,Bluebird,2011,Used,Automatic,Petrol,1500,171063,7500000
Suzuki,Wagon R ZX,2026,Brand New,Automatic,Hybrid,660,0,9390000
DFSK,Glory,2021,Used,Tiptronic,Petrol,1500,29000,10800000
Honda,Vezel,2026,Brand New,Automatic,Petrol,1500,0,21000000
Suzuki,Alto,2014,Used,Manual,Petrol,800,107400,4150000
Mercedes Benz,E200,2010,Used,Automatic,Petrol,1800,170000,14200000
Toyota,Taisor,2026,Brand New,Automatic,Petrol,1000,0,11790000
Toyota,Raize,2025,Brand New,Automatic,Petrol,1000,0,13200000
Daihatsu,Mira,2025,Brand New,Automatic,Petrol,650,1650,7495000
Toyota,Vitz,2008,Used,Automatic,Petrol,990,171000,5450000
Subaru,XV,2015,Used,Automatic,Hybrid,1995,87300,8200000
Isuzu,Gemini,1991,Used,Automatic,Diesel,1680,150000,1750000
Austin,Mini Cooper,1980,Used,Manual,Petrol,1300,35000,2600000
Toyota,Vitz,2016,Used,Automatic,Petrol,1000,62000,7650000
BMW,X1,2019,Used,Automatic,Petrol,1500,64000,17900000
Mercedes Benz,S400,2014,Used,Automatic,Petrol,3500,57000,34500000
Nissan,Pulsar,1983,Used,Manual,Petrol,1500,150000,550000
Toyota,Raize,2024,Reconditioned,Automatic,Hybrid,1200,15000,13600000
Nissan,March,2000,Used,Automatic,Petrol,990,107000,3300000
Suzuki,Wagon R ZX,2025,Brand New,Automatic,Hybrid,650,7,9975000
BMW,Mini Cooper,2014,Used,Automatic,Petrol,1500,49000,12700000
Toyota,Roomy,2023,Reconditioned,Automatic,Petrol,1000,25000,8950000
Toyota,Land Cruiser,2025,Brand New,Automatic,Petrol,3500,0,95000000
Nissan,Dayz,2023,Reconditioned,Automatic,Hybrid,650,8500,8200000
Toyota,Land Cruiser Prado,2017,Used,Automatic,Diesel,3000,178000,43500000
Suzuki,Estilo,2011,Used,Manual,Petrol,998,104000,3845000
Suzuki,Wagon R FX,2025,Reconditioned,Automatic,Petrol,650,13238,8000000
Nissan,Dayz,2025,Reconditioned,Automatic,Petrol,650,2663,7950000
BYD,ATTO 3,2025,Used,Automatic,Electric,10,75000,14900000
Toyota,Vitz,2017,Used,Automatic,Petrol,1000,74000,8200000
Toyota,Raize,2023,Brand New,Automatic,Petrol,1200,8000,13600000
Mazda,Demio,2015,Used,Automatic,Petrol,1340,176000,5690000
Bentley,Flying Spur,2024,Brand New,Tiptronic,Petrol,3000,0,225000000
Bentley,Flying Spur,2024,Brand New,Tiptronic,Petrol,3000,0,225000000
Mitsubishi,eK Wagon,2024,Reconditioned,Automatic,Petrol,990,13810,7800000
Renault,KWID,2016,Used,Manual,Petrol,800,51000,3990000
Toyota,Taisor,2026,Brand New,Tiptronic,Petrol,1000,0,12300000
Toyota,Roomy,2024,Reconditioned,Automatic,Petrol,990,17415,10350000
Toyota,Hilux,2026,Brand New,Tiptronic,Diesel,2800,0,30500000
Micro,Kyron,2009,Used,Automatic,Diesel,2000,150000,5200000
Nissan,Dayz,2023,Brand New,Automatic,Petrol,660,0,7980000
Toyota,Corolla,1986,Used,Manual,Petrol,1290,207591,1875000
Land Rover,Defender,2024,Reconditioned,Tiptronic,Petrol,2000,5000,72500000
Mitsubishi,eK Wagon,2024,Reconditioned,Automatic,Petrol,650,7146,7850000
Land Rover,Defender,2024,Reconditioned,Tiptronic,Petrol,2000,3000,72500000
Suzuki,Wagon R,2018,Used,Automatic,Hybrid,660,98000,7250000
Toyota,Raize,2025,Import,Automatic,Petrol,998,0,12950000
Suzuki,Wagon R ZX,2026,Brand New,Automatic,Hybrid,660,0,9600000
Toyota,Corolla,1986,Used,Manual,Petrol,1300,336000,875000
Suzuki,Wagon R ZX,2026,Brand New,Automatic,Hybrid,660,0,9600000
Suzuki,Every,2025,Import,Automatic,Petrol,660,10000,8500000
Audi,A5,2019,Used,Automatic,Petrol,1500,33880,24990000
Toyota,Yaris,2025,Brand New,Automatic,Petrol,1000,650,10990000
Daihatsu,Mira,2023,Brand New,Automatic,Petrol,660,3000,7950000
Toyota,Camry,2003,Used,Automatic,Petrol,2000,128000,7500000
Toyota,Roomy,2025,Brand New,Automatic,Petrol,1000,1500,11800000
Toyota,Allion,2016,Used,Automatic,Petrol,1500,132000,13750000
Toyota,Premio,2016,Used,Automatic,Petrol,1500,108000,15200000
Land Rover,Defender,2008,Used,Manual,Diesel,2200,98000,27500000
Toyota,Land Cruiser,2025,Brand New,Automatic,Diesel,2800,1500,75000000
Mitsubishi,Eclipse Cross,2023,Brand New,Automatic,Petrol,1500,30000,18850000
Honda,Vezel,2026,Brand New,Automatic,Hybrid,1500,0,19500000
Honda,Vezel,2026,Brand New,Automatic,Hybrid,1500,0,19500000
Mitsubishi,Lancer,1992,Used,Manual,Petrol,1500,120000,3150000
Honda,Vezel,2026,Brand New,Automatic,Hybrid,1500,0,19500000
Suzuki,Swift,2008,Used,Manual,Petrol,1300,137000,4650000
Honda,Vezel,2025,Reconditioned,Automatic,Hybrid,1500,7500,19200000
Daihatsu,Mira,2024,Reconditioned,Automatic,Petrol,650,6800,7350000
Toyota,Axio,2014,Used,Automatic,Hybrid,1490,132409,9350000
Suzuki,Swift,2017,Used,Automatic,Petrol,1000,104000,8200000
Daihatsu,Mira,2025,Reconditioned,Automatic,Petrol,660,4000,6990000
Suzuki,Wagon R,2026,Brand New,Automatic,Petrol,660,0,8390000
Daihatsu,Mira,2025,Reconditioned,Automatic,Petrol,660,3000,6990000
Suzuki,Wagon R,2026,Brand New,Automatic,Petrol,660,0,8290000
Suzuki,A-Star,2011,Used,Manual,Petrol,998,117000,3890000
Suzuki,Wagon R,2025,Import,Automatic,Petrol,660,5000,7600000
Toyota,Land Cruiser Prado,2000,Used,Manual,Diesel,3000,230000,11200000
Toyota,Taisor,2026,Brand New,Automatic,Petrol,1000,120,12800000
DFSK,Glory,2023,Used,Automatic,Petrol,1500,18120,11500000
Suzuki,Every,2025,Import,Automatic,Petrol,660,10000,7700000
Suzuki,Every,2025,Import,Automatic,Petrol,660,10000,7200000
Daihatsu,Mira,2025,Brand New,Automatic,Petrol,660,0,6975000
Nissan,Dayz,2025,Brand New,Automatic,Hybrid,660,0,9200000
Honda,Civic,1999,Used,Manual,Petrol,1500,155000,4650000
Jaguar,X-Type,2003,Used,Automatic,Petrol,2099,124000,6000000
BMW,X1,2018,Used,Automatic,Petrol,1500,63780,16000000
Perodua,Axia,2019,Used,Automatic,Petrol,1000,91100,6700000
Nissan,Dayz,2024,Brand New,Automatic,Hybrid,660,0,8500000
Toyota,Vitz,2016,Used,Automatic,Petrol,1000,102000,7990000
Daihatsu,Rocky,2025,Brand New,Automatic,Hybrid,1200,0,13950000
Honda,WR-V,2024,Brand New,Automatic,Petrol,1500,0,16850000
Honda,Vezel,2025,Brand New,Automatic,Hybrid,1500,0,19090000
Nissan,Dayz,2025,Brand New,Automatic,Hybrid,660,0,8590000
Toyota,Allion,2007,Used,Automatic,Petrol,1500,170000,8300000
Toyota,Raize,2026,Brand New,Automatic,Hybrid,1200,0,14890000
Nissan,Dayz,2025,Brand New,Automatic,Hybrid,660,1000,8690000
Toyota,Land Cruiser Prado,2010,Reconditioned,Automatic,Petrol,2700,134400,22200000
Nissan,Sylphy,2000,Used,Automatic,Petrol,1500,218400,4795000
Land Rover,Defender,2024,Reconditioned,Tiptronic,Petrol,2000,5000,71500000
Mitsubishi,Eclipse Cross,2023,Brand New,Automatic,Petrol,1500,32733,19650000
Suzuki,Alto,2018,Used,Automatic,Petrol,660,125000,5675000
Land Rover,Defender,2024,Reconditioned,Tiptronic,Petrol,2000,9000,68500000
Toyota,Taisor,2026,Brand New,Automatic,Petrol,1000,0,11875000
Suzuki,Alto,2024,Brand New,Automatic,Petrol,660,0,6495000
Nissan,Dayz,2026,Brand New,Automatic,Petrol,660,0,8000000
Daihatsu,Mira,2026,Brand New,Automatic,Petrol,660,0,8190000
Toyota,Axio,2008,Used,Automatic,Petrol,1490,151000,7850000
Audi,Q3,2024,Reconditioned,Tiptronic,Petrol,1000,3000,30800000
Toyota,Taisor,2026,Brand New,Automatic,Petrol,1000,0,11875000
Nissan,Dayz,2025,Brand New,Automatic,Petrol,660,621,9950000
Toyota,Taisor,2026,Brand New,Automatic,Petrol,1000,0,11875000
Peugeot,305,1998,Used,Manual,Petrol,1300,156075,2995000
Honda,Vezel,2025,Used,Automatic,Hybrid,1500,19000,18350000
Mitsubishi,Outlander,2025,Used,Automatic,Petrol,1500,3200,21250000
Land Rover,Defender,2008,Used,Manual,Diesel,2200,98000,27500000
Mercedes Benz,CLA 180,2024,Brand New,Tiptronic,Petrol,1330,0,32000000
Honda,Vezel,2026,Brand New,Automatic,Hybrid,1500,250,21300000
Toyota,Starlet,1997,Used,Automatic,Petrol,1500,241716,4295000
Toyota,Raize,2026,Brand New,Automatic,Hybrid,2026,0,14900000
Mitsubishi,Pajero,2010,Used,Automatic,Petrol,3000,158000,16800000
Mercedes Benz,C180,2024,Reconditioned,Tiptronic,Petrol,1500,3000,34000000
Daihatsu,Taft,2024,Brand New,Automatic,Petrol,660,9273,8850000
Toyota,Taisor,2026,Brand New,Automatic,Petrol,1000,0,11875000
Nissan,AD Wagon,2001,Used,Automatic,Petrol,1300,107988,3795000
Mercedes Benz,E200,2025,Brand New,Tiptronic,Petrol,2000,0,66500000
Mitsubishi,Attrage,2020,Used,Automatic,Petrol,1200,110704,7900000
Mercedes Benz,EQS 450,2024,Brand New,Tiptronic,Electric,4000,0,85500000
Toyota,Land Cruiser Prado,2015,Used,Manual,Diesel,3000,180000,28990000
Honda,CRV,2018,Used,Automatic,Petrol,1500,97800,15200000
Honda,N-WGN,2025,Brand New,Automatic,Petrol,660,8,8950000
Daihatsu,Mira,2025,Reconditioned,Automatic,Petrol,660,6970,6790000
Mitsubishi,Montero,2013,Used,Automatic,Diesel,3200,75000,26850000
Suzuki,Wagon R Stingray,2025,Brand New,Automatic,Petrol,650,200,9900000
Lexus,LX600,2025,Brand New,Automatic,Hybrid,3500,0,135000000
Toyota,Alphard,2025,Brand New,Automatic,Petrol,2400,0,69500000
Mercedes Benz,EQS 450,2024,Brand New,Tiptronic,Electric,4000,0,85500000
Mitsubishi,Attrage,2020,Used,Automatic,Petrol,1200,75556,8000000
BMW,740Le,2017,Used,Automatic,Hybrid,2000,67000,49500000
BYD,Sealion 6,2025,Used,Automatic,Hybrid,1500,10000,20000000
Honda,Vezel,2026,Brand New,Automatic,Hybrid,1500,0,19590000
Suzuki,Swift,2017,Used,Automatic,Petrol,1000,64200,8590000
BYD,Sealion 6,2024,Used,Automatic,Petrol,1500,10000,20250000
Honda,Vezel,2026,Brand New,Automatic,Hybrid,1500,50,18675000
Suzuki,Alto,2015,Used,Manual,Petrol,800,59776,4150000
Toyota,Hilux,2006,Used,Manual,Diesel,2500,185000,11950000
Toyota,Taisor,2026,Brand New,Automatic,Petrol,1000,45,11850000
Audi,Audi A3 Sportback 30 TFSI,2024,Excellent / High Grade Japan Unit,7-Speed S tronic Automatic,Petrol,1000,10000,14500000
Suzuki,Wagon R,2018,Used,Automatic,Petrol,658,90000,7000000
Honda,Vezel,2023,Reconditioned,Automatic,Hybrid,1500,10000,18000000
Land Rover,Discovery Sport,2026,Brand New,Automatic,Hybrid,1500,0,56000000
Honda,Fit,2013,Used,Automatic,Hybrid,1500,95000,7650000
Honda,City,2026,Brand New,Automatic,Petrol,1000,0,13800000
Honda,Honda Vezel Z Premium,2026,Brand New,Automatic,Hybrid,1500,0,18950000
Suzuki,Alto,2024,Reconditioned,Automatic,Petrol,650,2000,7150000
Toyota,Prius,2009,Used,Automatic,Hybrid,1800,185486,8575000
BMW,740i,2025,Brand New,Tiptronic,Petrol,3000,0,125000000
BMW,523i,2024,Reconditioned,Tiptronic,Petrol,2000,5000,53500000
Honda,Honda Vezel e:HEV Z Play Premium,2026,Brand New (0 KM),e-CVT Automatic,Hybrid,1500,0,20800000
Toyota,Raize,2026,Brand New,Automatic,Hybrid,1200,0,15200000
BMW,X1,2025,Brand New,Tiptronic,Petrol,1500,0,33500000
Toyota,Passo,2023,Reconditioned,Automatic,Petrol,1000,5000,8475000
Land Rover,Land Rover Discovery Sport Dynamic HSE P300e,2025,High Grade Japan Unit,Automatic,Hybrid,1500,5000,45000000
BMW,X1,2025,Brand New,Tiptronic,Petrol,1500,0,33500000
Toyota,Land Cruiser Prado,2006,Used,Manual,Petrol,2700,100000,13800000
BMW,i7,2024,Brand New,Tiptronic,Electric,4000,0,105500000
Mercedes Benz,E200,2018,Used,Automatic,Petrol,1991,82326,28500000
Honda,Vezel,2026,Brand New,Automatic,Hybrid,1500,0,2110000
Honda,Fit Shuttle,2013,Used,Automatic,Hybrid,1330,124000,9150000
Honda,Vezel,2026,Brand New,Automatic,Hybrid,1500,0,19300000
Toyota,Roomy,2023,Brand New,Automatic,Petrol,996,47000,10200000
Toyota,Raize,2023,Brand New,Automatic,Petrol,1200,8000,13600000
Porsche,Taycan,2024,Reconditioned,Tiptronic,Electric,3000,800,69500000
Tesla,Model Y,2024,Brand New,Tiptronic,Electric,194,0,28500000
Toyota,Corolla,2008,Used,Manual,Petrol,1600,338000,6150000
Toyota,Yaris,2025,Brand New,Automatic,Petrol,1500,0,15500000
Toyota,Yaris,2025,Brand New,Automatic,Petrol,1200,0,15500000
Toyota,Roomy,2023,Reconditioned,Automatic,Petrol,1000,5000,8700000
Volkswagen,Beetle,1971,Used,Manual,Petrol,1300,100000,3500000
Nissan,Clipper,2024,Brand New,Automatic,Petrol,660,8000,5290000
Nissan,ROOX HIGHWAY STAR X,2024,Import,Automatic,Petrol,660,20537,9090000
Honda,Fit,2015,Used,Automatic,Hybrid,1500,61000,9350000
Suzuki,S-Cross,2017,Used,Automatic,Petrol,1000,65000,9800000
Toyota,Land Cruiser Sahara,2017,Used,Tiptronic,Petrol,4600,115000,57000000
Suzuki,Wagon R Stingray,2014,Used,Automatic,Hybrid,650,116000,6150000
Daihatsu,Mira,2026,Brand New,Automatic,Petrol,650,0,7975000
Audi,A6,2012,Used,Automatic,Diesel,2000,159000,13500000
Honda,Vezel,2026,Brand New,Automatic,Hybrid,1500,0,19550000
Ford,Mustang,2016,Used,Tiptronic,Petrol,2300,45000,42000000
Suzuki,Alto,2024,Brand New,Automatic,Hybrid,650,2500,7750000
Land Rover,Range Rover,2018,Used,Tiptronic,Petrol,2000,50000,52000000
Toyota,Corolla,1980,Used,Manual,Petrol,1300,95000,595000
Toyota,Land Cruiser Prado,2009,Used,Automatic,Petrol,2700,175000,29500000
Suzuki,Hustler,2025,Reconditioned,Automatic,Hybrid,660,3000,7950000
Lexus,NX300H,2015,Used,Tiptronic,Petrol,2500,118000,17850000
Bentley,Other Model,2018,Used,Tiptronic,Petrol,4000,15000,125500000
Toyota,Axio,2017,Used,Automatic,Hybrid,1500,65000,12850000
Honda,Vezel,2026,Brand New,Automatic,Hybrid,1500,0,19300000
Suzuki,Swift,2017,Used,Automatic,Petrol,1000,64200,8590000
Suzuki,Spacia,2026,Brand New,Automatic,Hybrid,660,0,10790000
Land Rover,Range Rover,2018,Used,Tiptronic,Petrol,3000,70000,54000000
Suzuki,Other Model,2024,Brand New,Automatic,Petrol,660,8000,5290000
Honda,Grace,2014,Used,Automatic,Hybrid,1496,117000,9250000
Land Rover,Range Rover,2018,Used,Tiptronic,Diesel,3000,71000,54500000
Toyota,Raize,2025,Brand New,Automatic,Hybrid,1200,0,14390000
Land Rover,Freelander,2014,Used,Tiptronic,Diesel,2200,105000,10850000
Nissan,Dayz,2024,Import,Automatic,Petrol,660,20000,7100000
Mercedes Benz,C160,2017,Used,Automatic,Petrol,1600,36000,18500000
Mercedes Benz,GLE 300D,2019,Used,Tiptronic,Diesel,2000,60000,45500000
Mercedes Benz,S300,2015,Used,Tiptronic,Diesel,2143,60000,42500000
Daihatsu,Thor,2022,Reconditioned,Automatic,Petrol,1000,21000,9800000
Toyota,Axio,2017,Used,Automatic,Hybrid,1496,105000,12900000
Daihatsu,Rocky,2026,Brand New,Automatic,Hybrid,1200,0,14500000
Suzuki,Wagon R,2018,Used,Automatic,Hybrid,660,98000,6775000
Toyota,Taisor,2023,Brand New,Automatic,Hybrid,1500,120,11750000
Toyota,Raize,2025,Reconditioned,Automatic,Hybrid,1200,6000,14530000
Land Rover,Range Rover Sport,2018,Used,Tiptronic,Petrol,2000,45000,45500000
Kia,Sonet,2026,Brand New,Automatic,Petrol,1000,0,12300000
MG,ZS,2025,Used,Automatic,Petrol,1000,9000,11850000
MG,ZS,2025,Used,Automatic,Petrol,1000,9000,11850000
Kia,Sonet,2026,Brand New,Automatic,Petrol,1000,0,12300000
Ford,Raptor Ranger,2025,Used,Tiptronic,Petrol,2000,20000,32500000
Mercedes Benz,E300,2017,Used,Tiptronic,Petrol,2000,33000,29500000
Nissan,Dayz,2024,Brand New,Automatic,Hybrid,660,0,8450000
Daihatsu,Mira,2025,Brand New,Automatic,Petrol,660,250,7450000
Toyota,Raize,2026,Brand New,Automatic,Petrol,1200,0,14800000
Toyota,Starlet,1997,Used,Automatic,Petrol,1450,175000,3250000
Volvo,S60,2016,Used,"Automatic Edition: T6 AWD Drive-Engine Performance: 316 HP, 400 Nm, 8-speed automatic gearbox (7,000 RPM) Acceleration: 0 - 100 km/h in 5.6 seconds (Top speed: 250 km/h)",Petrol,2000,31000,15900000
Land Rover,Range Rover Sport,2019,Used,Tiptronic,Diesel,2000,60000,37000000
Toyota,Taisor,2026,Brand New,Automatic,Hybrid,1000,0,11850000
Audi,Q7,2018,Used,Tiptronic,Petrol,2000,71000,27500000
Toyota,Raize,2025,Brand New,Automatic,Hybrid,1200,200,14450000
Land Rover,Range Rover,2019,Used,Tiptronic,Petrol,2000,35000,65000000
Suzuki,Wagon R,2025,Reconditioned,Automatic,Petrol,660,3000,7690000
Land Rover,Range Rover,2019,Used,Tiptronic,Petrol,4000,17000,59500000
Honda,Vezel,2025,Brand New,Automatic,Hybrid,1498,0,19200000
Suzuki,Every,2024,Reconditioned,Automatic,Petrol,660,20000,7750000
BMW,X6 M,2017,Used,Tiptronic,Diesel,4000,57000,47500000
Suzuki,Wagon R FX,2024,Brand New,Automatic,Hybrid,650,1500,7975000
Audi,Q7,2017,Used,Tiptronic,Petrol,3000,69000,26500000
Suzuki,Fronx,2026,Brand New,Automatic,Petrol,1000,0,11450000
Suzuki,Fronx,2026,Brand New,Automatic,Petrol,1000,0,11450000
Suzuki,Fronx,2026,Brand New,Automatic,Petrol,1000,0,11450000
Suzuki,Wagon R,2025,Reconditioned,Automatic,Petrol,660,6000,7690000
Suzuki,Fronx,2026,Brand New,Automatic,Petrol,1000,0,11450000
Suzuki,Fronx,2026,Brand New,Automatic,Petrol,1000,0,11450000
Daihatsu,Terios,2011,Used,Automatic,Petrol,1500,132000,7500000
Honda,Civic,2008,Used,Automatic,Hybrid,1300,154000,7495000
Daihatsu,Thor,2023,Reconditioned,Automatic,Petrol,1000,500,11500000
Suzuki,Wagon R,2025,Reconditioned,Automatic,Petrol,660,1000,7690000
Nissan,X-Trail,2015,Used,Automatic,Hybrid,2000,150000,10900000
Suzuki,Spacia,2017,Used,Automatic,Petrol,660,47960,7500000
Mitsubishi,Lancer,1982,Used,Manual,Petrol,1400,166000,890000
Toyota,Allion,2016,Used,Automatic,Petrol,1500,132000,13750000
Nissan,Sunny,2002,Used,Automatic,Petrol,1300,240000,3875000
Toyota,Raize,2023,Brand New,Automatic,Petrol,1200,8000,13600000
Toyota,Yaris Ativ,2017,Used,Automatic,Petrol,1329,96000,8650000
Lexus,LBX,2024,Import,Automatic,Petrol,1500,500,25000000
Lexus,NX,2014,Used,Automatic,Petrol,2000,143000,16900000
Suzuki,Alto,2025,Reconditioned,Automatic,Hybrid,660,1000,7290000
Ford,Super Duty,2026,Import,Automatic,Diesel,3000,0,36990000
Honda,Vezel,2022,Reconditioned,Automatic,Hybrid,1500,10000,19000000
Honda,Vezel,2014,Used,Automatic,Hybrid,1490,153500,8975000
Land Rover,Range Rover Evoque,2023,Reconditioned,Automatic,Hybrid,1500,5000,48000000
Suzuki,Baleno,2017,Used,Automatic,Petrol,1000,152748,7200000
Kia,Syros,2026,Brand New,Automatic,Petrol,1000,10,13990000
Honda,Vezel,2026,Brand New,Automatic,Hybrid,1500,0,21100000
Toyota,Corona,1991,Used,Manual,Petrol,1500,160000,1850000
Toyota,Land Cruiser Sahara,2024,Brand New,Automatic,Petrol,3500,3450,94500000
Honda,Vezel,2026,Brand New,Automatic,Hybrid,1500,27,20300000
Toyota,Hilux,2011,Used,Manual,Diesel,2500,275000,10800000
Honda,Vezel,2026,Import,Automatic,Hybrid,1500,10,20500000
Kia,Sonet GTX+,2026,Brand New,Automatic,Petrol,1000,0,12690000
Mercedes Benz,B250e,2015,Used,Automatic,Electric,132,108000,9500000
Perodua,Kelisa,2006,Used,Automatic,Petrol,1000,145000,3375000
Land Rover,Discovery,2018,Used,Automatic,Diesel,2000,56000,27900000
Toyota,Crown,2007,Used,Automatic,Petrol,3000,120000,9900000
Ford,Ranger,2025,Brand New,Automatic,Diesel,3000,100,36000000
Renault,KWID,2016,Used,Manual,Petrol,800,120000,3575000
Toyota,Yaris,2022,Reconditioned,Automatic,Petrol,1000,10000,10500000
Toyota,Yaris,2023,Reconditioned,Automatic,Petrol,1000,10000,11500000
Honda,Vezel,2026,Brand New,Automatic,Hybrid,1500,0,19300000
Toyota,Roomy,2023,Reconditioned,Automatic,Petrol,1000,31000,9585000
Honda,Vezel,2026,Import,Automatic,Hybrid,1500,20,19178000
Toyota,Land Cruiser,2013,Used,Automatic,Diesel,4664,216237,60000000
Toyota,Land Cruiser Prado,2025,Used,Automatic,Petrol,2700,9700,59500000
Toyota,Land Cruiser Prado,2024,Brand New,Automatic,Petrol,2700,15000,58500000
Toyota,Pixis,2025,Reconditioned,Automatic,Petrol,660,7000,7250000
Land Rover,Discovery 4 TDV6 GS,2010,Used well-maintained,Automatic,Diesel,2700,157000,19000000
Toyota,Aqua,2014,Used,Automatic,Hybrid,1496,80000,8800000
Toyota,Corolla,1998,Used,Automatic,Diesel,2000,225000,3100000
Honda,Vezel,2025,Brand New,Automatic,Hybrid,1500,50,17550000
Honda,Vezel,2025,Brand New,Automatic,Hybrid,1500,50,17550000
Toyota,Raize,2025,Used,Automatic,Petrol,1000,1900,11950000
Ford,Focus,2019,Reconditioned,Automatic,Petrol,1000,48000,13500000
Suzuki,Every,2026,Brand New,Automatic,Petrol,660,0,9100000
Daewoo,Lanos,2001,Used,Manual,Petrol,1500,115000,2300000
Toyota,Passo,2017,Used,Automatic,Petrol,1000,65000,6875000
Suzuki,Hustler,2024,Import,Automatic,Hybrid,650,3695,8150000
Honda,Insight,2011,Used,Automatic,Hybrid,1300,150000,7490000
Toyota,Prius,2013,Used,Automatic,Hybrid,1798,162000,5200000
Suzuki,Alto,2007,Used,Manual,Petrol,796,143000,2875000
Suzuki,Swift,2008,Used,Automatic,Petrol,1300,56000,5990000
Suzuki,Baleno,2017,Used,Automatic,Petrol,1000,92000,7450000
Honda,CRV,2018,Used,Automatic,Petrol,1500,110000,15950000
Nissan,March,2008,Used,Automatic,Petrol,1240,150000,4850000
Suzuki,Wagon R,2026,Import,Automatic,Hybrid,660,0,9000000
Toyota,Raize,2026,Import,Automatic,Petrol,998,0,13000000
Toyota,Raize,2026,Import,Automatic,Hybrid,1200,0,14000000
BYD,Sealion 6,2024,Used,Automatic,Petrol,1500,10000,20250000
Toyota,Allion,2016,Used,Automatic,Petrol,1500,132000,13750000
BMW,318i,2016,Used,Tiptronic,Petrol,1500,35000,19800000
Mitsubishi,eK Wagon,2024,Import,Automatic,Petrol,650,30000,7290000
Honda,Vezel,2026,Import,Automatic,Hybrid,1500,0,19000000
BMW,530e,2017,Used,Automatic,Hybrid,2000,125000,28500000
Mitsubishi,EK Custom,2023,Import,Automatic,Hybrid,650,46000,7950000
Honda,Vezel,2026,Import,Automatic,Hybrid,1498,0,20000000
Kia,Clarus,1999,Used,Manual,Petrol,2000,150000,1550000
Honda,Vezel,2026,Brand New,Automatic,Petrol,1500,0,19990000
Nissan,Sunny,1982,Used,Manual,Petrol,1400,14518,745000
Land Rover,Defender,2026,Brand New,Automatic,Petrol,2000,0,82500000
Toyota,Taisor,2026,Brand New,Automatic,Petrol,1000,0,11990000
Honda,Vezel,2026,Brand New,Automatic,Petrol,1500,0,21400000
Suzuki,Wagon R,2026,Brand New,Automatic,Petrol,660,0,9675000
Honda,Vezel,2025,Brand New,Tiptronic,Hybrid,1500,0,19400000
Honda,Vezel,2026,Brand New,Automatic,Petrol,1500,0,19950000
Toyota,Raize,2026,Brand New,Automatic,Petrol,1200,0,14750000
Honda,Vezel,2025,Brand New,Automatic,Petrol,1500,0,19475000
Suzuki,Every,2025,Reconditioned,Automatic,Petrol,660,11000,7800000
Toyota,Axio,2007,Used,Automatic,Petrol,1490,188000,7585000
BMW,220i,2025,Reconditioned,Tiptronic,Petrol,1500,11220,32000000
Hyundai,Santa Fe,2025,Brand New,Tiptronic,Hybrid,2000,0,39000000
Mercedes Benz,CLA 250,2025,Reconditioned,Tiptronic,Hybrid,1330,3000,44000000
Mercedes Benz,GLB,2025,Brand New,Tiptronic,Petrol,1350,0,45000000
Honda,CRV,2024,Brand New,Tiptronic,Petrol,1500,0,30000000
Mercedes Benz,GLB,2026,Brand New,Tiptronic,Petrol,1350,0,45000000
Bajaj,Qute,2016,Used,Manual,Petrol,235,12000,1620000
Toyota,Taisor,2026,Brand New,Automatic,Hybrid,1000,0,11900000
Toyota,Raize,2026,Brand New,Automatic,Hybrid,1200,0,14575000
Audi,Q5,2011,Used,Automatic,Petrol,2000,190000,11500000
Mitsubishi,Lancer,1980,Used,Automatic,Petrol,1400,15000,940000
Suzuki,Every,1998,Used,Manual,Petrol,650,203700,2685000
Mitsubishi,Lancer,1984,Used,Manual,Petrol,1300,420000,875000
Kia,Spectra,2003,Used,Manual,Petrol,1598,186212,1773000
Suzuki,Maruti,2010,Used,Manual,Petrol,796,125000,2575000
Toyota,Rush,2010,Used,Automatic,Petrol,1500,148000,7250000
Honda,Civic,2019,Used,Automatic,Petrol,1000,73000,12600000
Toyota,Vitz,2018,Used,Automatic,Petrol,1000,82000,8500000
Audi,A4,2011,Used,Automatic,Petrol,1800,199000,11000000
BMW,316i,2015,Used,Automatic,Petrol,1600,157800,15750000
Toyota,Urban Cruiser,2026,Brand New,Automatic,Petrol,1000,0,11900000
Toyota,Taisor,2026,Brand New,Automatic,Petrol,1000,0,11900000
Kia,Sorento,2012,Used,Automatic,Diesel,2200,315000,11250000
Toyota,Yaris Cross,2026,Import,Automatic,Hybrid,1500,0,18500000
Honda,Vezel,2025,Brand New,Automatic,Hybrid,1500,15000,19900000
Nissan,AD Wagon,2000,Used,Automatic,Petrol,1300,160000,3450000
Suzuki,Wagon R FX,2017,Used,Automatic,Petrol,660,136000,6600000
Honda,Vezel,2025,Brand New,Automatic,Hybrid,1500,0,19350000
Toyota,Alphard,2024,Excellent / Just Arrived in Sri Lanka ð±ð°,Automatic,Hybrid,2500,14500,53600000
Toyota,6AA-MXPJ10,2024,Used,Automatic,Hybrid,1500,16800,16800000
Land Rover,Defender,2026,Brand New,Automatic,Petrol,2000,0,79000000
BMW,740Le,2017,Used,Automatic,Petrol,2000,80000,39500000
Mitsubishi,Outlander,2015,Used,Automatic,Hybrid,1990,154000,13000000
DFSK,Glory,2022,Used,Automatic,Petrol,1500,23500,8200000
Audi,A4,1999,Used,Automatic,Petrol,1799,147700,5850000
Kia,Sorento,2012,Used,Automatic,Diesel,2199,197000,9500000
Honda,Vezel,2025,Reconditioned,Automatic,Petrol,1490,13800,19150000
Honda,Vezel,2026,Import,Automatic,Hybrid,1500,60,19150000
BMW,X1,2018,Reconditioned,Automatic,Petrol,1500,74000,18400000
Maruti Suzuki,800,2000,Used,Manual,Petrol,796,95000,2250000
Toyota,Raize,2025,Brand New,Automatic,Hybrid,1200,280,14500000
Toyota,Axio,2015,Used,Automatic,Hybrid,1496,99000,10700000
Toyota,Urban Cruiser,2026,Brand New,Automatic,Petrol,1000,0,12000000
Toyota,Land Cruiser Sahara,2016,Used,Automatic,Diesel,4500,140000,65000000
Toyota,Vitz,2000,Used,Manual,Petrol,1000,200000,4590000
Toyota,Corolla,2010,Used,Manual,Petrol,1600,190000,6590000
Toyota,CHR,2017,Used,Automatic,Petrol,1200,82000,12800000
Toyota,Yaris Cross,2021,Used,Automatic,Petrol,1500,25000,16500000
Toyota,Wigo,2017,Used,Automatic,Petrol,998,78900,6490000
Toyota,Vitz,2017,Used,Automatic,Petrol,1000,170000,8200000
Toyota,Vitz,2015,Used,Automatic,Petrol,1000,88000,7890000
Toyota,Vitz,2017,Used,Automatic,Petrol,1000,96000,7790000
Suzuki,Wagon R Stingray,2018,Used,Automatic,Petrol,660,58566,7350000
Nissan,6AA-T33,2024,Reconditioned,Automatic,Hybrid,1490,40000,25995000
Volkswagen,Polo,2023,Used,Automatic,Petrol,1000,10000,11500000
Jeep,Gladiator Rubicon,2022,Reconditioned,Automatic,Petrol,3600,2000,38500000
Toyota,Raize,2025,Brand New,Automatic,Hybrid,1200,0,14350000
Toyota,Vitz,2020,Used,Automatic,Petrol,1000,40164,9650000
Toyota,Raize,2023,Brand New,Automatic,Petrol,1000,25000,11300000
Daihatsu,Canbus,2024,Reconditioned,Automatic,Petrol,650,8000,7850000
Honda,Vezel,2026,Brand New,Automatic,Hybrid,1500,0,19500000
Honda,Vezel,2026,Brand New,Automatic,Hybrid,1500,0,19500000
Daihatsu,Tanto,2024,Reconditioned,Automatic,Petrol,650,5000,7750000
Nissan,Roox,2025,Brand New,Automatic,Hybrid,660,3,8400000
Suzuki,Wagon R,2024,Brand New,Automatic,Hybrid,660,1800,8500000
Audi,Q5,2011,Used,Automatic,Petrol,2000,190000,11500000
Daihatsu,Move,2025,Brand New,Automatic,Petrol,650,100,9150000
Perodua,Viva Elite,2012,Used,Automatic,Petrol,1000,114980,4950000
Honda,Vezel,2024,Used,Automatic,Hybrid,1490,30000,17900000
Daihatsu,Mira,2025,Brand New,Automatic,Petrol,660,1900,6995000
Toyota,Axio,2025,Brand New,Automatic,Hybrid,1500,0,17950000
Nissan,Dayz,2025,Reconditioned,Automatic,Hybrid,650,8000,8300000
Toyota,Land Cruiser Prado,2025,Brand New,Automatic,Diesel,2800,27,84500000
Isuzu,Other Model,2020,Reconditioned,Automatic,Diesel,3000,340600,10375000
Toyota,Raize,2026,Brand New,Automatic,Hybrid,1190,0,15590000
Toyota,Vitz,2011,Used,Automatic,Petrol,998,150000,6650000
Suzuki,Other Model,2023,Brand New,Automatic,Petrol,660,5000,5290000
Suzuki,Every,2004,Used,Automatic,Petrol,660,143000,2850000
Toyota,Land Cruiser Prado,2025,Brand New,Automatic,Petrol,2700,200,62000000
Honda,CRV,2025,Brand New,Automatic,Petrol,1500,0,30975000
Suzuki,Wagon R ZX,2026,Brand New,Automatic,Hybrid,660,700,9295000
Toyota,RAV4,2008,Used,Automatic,Petrol,2360,133600,8500000
Honda,Vezel,2014,Used,Automatic,Hybrid,1500,107500,9275000
Nissan,6AA-T33,2024,Brand New,Automatic,Hybrid,1490,0,27995000
Honda,Vezel,2015,Used,Automatic,Petrol,1500,135000,9975000
Nissan,6AA-T33,2025,Brand New,Automatic,Hybrid,1490,0,27895000
Micro,Panda,2015,Used,Manual,Petrol,1000,73000,1300000
Daihatsu,Mira,2025,Brand New,Automatic,Petrol,660,4000,7290000
Toyota,Raize,2019,Used,Automatic,Petrol,998,67800,10750000
BMW,520d,2013,Used,Automatic,Diesel,2000,41000,22000000
Honda,Vezel,2024,Reconditioned,Automatic,Hybrid,1490,28000,17495000
Mitsubishi,eK Wagon,2024,Reconditioned,Automatic,Petrol,660,3900,7450000
Suzuki,Alto,2014,Used,Manual,Petrol,800,75364,4100000
Audi,A3,2023,Used,Tiptronic,Petrol,1000,33000,21000000
Toyota,Yaris,2017,Used,Automatic,Petrol,1329,85000,9875000
Toyota,Yaris,2026,Import,Automatic,Petrol,1000,2,11400000
Honda,CRV,2018,Used,Automatic,Petrol,1490,120000,14595000
Suzuki,Wagon R Stingray,2023,Brand New,Automatic,Hybrid,650,11000,8850000
Toyota,Aqua,2014,Used,Automatic,Hybrid,1496,134000,8000000
Nissan,Magnite,2026,Brand New,Automatic,Petrol,1000,150,8300000
BMW,225XE,2017,Used,Automatic,Petrol,1500,82431,15500000
Nissan,Pulsar,1988,Used,Manual,Petrol,1500,177000,1550000
Toyota,Raize,2025,Reconditioned,Tiptronic,Petrol,1200,11000,13195000
Honda,Vezel,2014,Used,Automatic,Hybrid,1500,112700,9850000
Mitsubishi,Lancer,1982,Used,Manual,Petrol,1400,100000,1280000
Suzuki,Wagon R,2024,Brand New,Automatic,Petrol,650,8000,7950000
Honda,Vezel,2023,Reconditioned,Automatic,Hybrid,1500,20753,16950000
Honda,Vezel,2026,Brand New,Automatic,Hybrid,1500,0,19490000
Daihatsu,Mira,2026,Brand New,Automatic,Petrol,660,0,7150000
Daihatsu,Mira,2024,Brand New,Automatic,Petrol,660,0,7250000
Suzuki,Alto,2024,Reconditioned,Automatic,Petrol,660,4000,6790000
Lexus,Other Model,2026,Brand New,Automatic,Hybrid,3500,0,135000000
Toyota,Land Cruiser Prado,2008,Reconditioned,Automatic,Petrol,2700,222000,15950000
Toyota,Hilux,2024,Reconditioned,Tiptronic,Diesel,2400,5000,13250000
Toyota,Land Cruiser Prado,2026,Brand New,Automatic,Petrol,2700,0,64000000
Toyota,Corolla,2008,Used,Automatic,Petrol,1600,154000,6950000
Kia,Seltos,2020,Used,Automatic,Petrol,1400,16000,13650000
Toyota,Land Cruiser Prado,2024,Reconditioned,Tiptronic,Petrol,2700,14000,56200000
Toyota,Land Cruiser Prado,2023,Used,Tiptronic,Petrol,2700,4000,54200000
Nissan,Roox,2025,Brand New,Automatic,Hybrid,660,3,8400000
Honda,Vezel,2025,Reconditioned,Automatic,Petrol,1490,13800,19150000
Toyota,Hilux,2026,Import,Automatic,Diesel,2800,20,28450000
Nissan,Almera,2025,Used,Automatic,Petrol,1000,0,11950000
Toyota,Allion,2017,Used,Automatic,Petrol,1500,67450,14000000
Isuzu,Other Model,2019,Reconditioned,Automatic,Diesel,3000,354000,9475000
Isuzu,Other Model,2018,Reconditioned,Manual,Diesel,3000,459000,11685000
Tata,Nano,2015,Used,Manual,Petrol,624,200000,1830000
Honda,Vezel,2026,Brand New,Automatic,Hybrid,1500,445,19465000
Mitsubishi,Lancer,1985,Used,Manual,Petrol,1500,98750,700000
Honda,Grace,2015,Used,Automatic,Hybrid,1490,67000,10390000
Daihatsu,Mira,2024,Reconditioned,Automatic,Petrol,660,5800,6975000
Suzuki,Hustler,2016,Used,Automatic,Hybrid,650,43500,6850000
Toyota,Alphard,2024,Reconditioned,Automatic,Petrol,1800,14000,55500000
Toyota,Yaris Cross,2024,Reconditioned,Automatic,Hybrid,1500,20000,17200000
Toyota,Allion,2012,Used,Automatic,Petrol,1496,168000,9850000
Suzuki,Wagon R Stingray,2017,Used,Automatic,Hybrid,660,125000,7600000
Toyota,Roomy,2024,Reconditioned,Automatic,Petrol,1000,12000,11500000
Nissan,Navara,2007,Used,Manual,Diesel,2500,180000,7000000
Lexus,LX600,2026,Brand New,Tiptronic,Petrol,3500,0,135000000
Honda,Vezel,2024,Import,Automatic,Hybrid,1500,20000,16400000
Daihatsu,Mira,2025,Brand New,Automatic,Petrol,660,200,7150000
Toyota,Raize,2020,used - CBK - 43----,Automatic,Petrol,1000,83000,11000000
Toyota,Aqua,2015,Used,Automatic,Hybrid,1500,126000,8850000
Honda,Vezel,2024,Import,Automatic,Hybrid,1500,20000,17800000
Toyota,Raize,2026,Brand New,Automatic,Hybrid,1200,0,14450000
Daihatsu,Mira,2025,Reconditioned,Automatic,Petrol,660,6000,6875000
Daihatsu,Mira,2024,Brand New,Automatic,Petrol,660,800,7185000
Toyota,Land Cruiser,2025,Brand New,Automatic,Petrol,3500,3000,93500000
Toyota,Passo,2023,Reconditioned,Automatic,Petrol,1000,1400,8575000
Toyota,Raize,2023,Reconditioned,Automatic,Hybrid,1200,6000,13350000
Toyota,Raize,2024,Reconditioned,Automatic,Hybrid,1200,5000,13350000
Nissan,Juke,2020,Used,Automatic,Petrol,1000,73000,10500000
Audi,A3,2023,Used,Tiptronic,Petrol,1000,33000,21000000
Honda,Vezel,2023,Import,Automatic,Hybrid,1500,30000,17400000
Toyota,Raize,2026,Brand New,Automatic,Hybrid,1200,400,14800000
Honda,Vezel,2014,Used,Automatic,Hybrid,1500,119000,9475000
Honda,Vezel,2023,Import,Automatic,Hybrid,1500,30000,17200000
Suzuki,Celerio,2016,Used,Manual,Petrol,1000,120000,5325000
Honda,Vezel,2017,Used,Automatic,Hybrid,1500,89000,11875000
Tata,Indica,2005,Used,Manual,Petrol,1600,139000,1950000
Suzuki,Wagon R ZX,2026,Brand New,Automatic,Hybrid,660,20,9650000
Toyota,Vellfire,2012,Used,Automatic,Hybrid,2400,137889,26000000
Daihatsu,Mira,2023,Used,Automatic,Petrol,660,22800,6700000
Mitsubishi,Montero,2004,Used,Automatic,Petrol,3500,176000,11000000
Toyota,CHR,2020,Used,Automatic,Petrol,1200,84000,15500000
Toyota,Prius,2010,Used,Automatic,Hybrid,1790,140000,9850000
Mitsubishi,Montero,2008,Used,Manual,Diesel,2500,240000,9500000
Suzuki,Celerio,2015,Used,Automatic,Petrol,1000,125000,5540000
Toyota,Raize,2026,Brand New,Automatic,Petrol,1200,0,15000000
Suzuki,Wagon R Custom ZX,2026,Brand New,Automatic,Hybrid,650,0,9550000
Toyota,Taisor,2026,Brand New,Automatic,Petrol,1000,0,11850000
Toyota,Taisor,2026,Brand New,Automatic,Petrol,1000,20,11650000
Suzuki,Wagon R,2026,Brand New,Automatic,Petrol,660,6,8550000
Nissan,Dayz,2025,Brand New,Automatic,Hybrid,660,4000,8550000
Toyota,Roomy,2023,Reconditioned,Automatic,Petrol,1000,31000,9585000
Honda,Vezel,2025,Brand New,Automatic,Hybrid,1500,100,20350000
Honda,Vezel,2026,Brand New,Automatic,Hybrid,1500,50,18675000
Daihatsu,Taft,2024,Brand New,Automatic,Petrol,660,8000,8690000
Nissan,Roox,2024,Brand New,Automatic,Hybrid,660,4000,8350000
Toyota,Roomy,2024,Brand New,Automatic,Petrol,1000,850,10100000
Honda,Vezel Z Premium,2026,Brand New,Automatic,Hybrid,1500,0,19850000
Daihatsu,Thor,2024,Brand New,Automatic,Petrol,1000,6000,9890000
Daihatsu,Thor,2024,Brand New,Automatic,Petrol,1000,5000,9500000
Toyota,Roomy,2024,Brand New,Automatic,Petrol,1000,5000,9500000
Honda,Civic,2018,Used,Automatic,Petrol,1000,69000,11000000
Kia,Sorento,2004,Used,Automatic,Petrol,3491,202390,5000000
Mahindra,Scorpio,2011,Used,Manual,Diesel,2200,137277,6500000
Mahindra,KUV 100,2021,Used,Manual,Petrol,1200,62000,5190000
DFSK,Glory,2021,Used,Automatic,Petrol,1498,122526,7800000
Toyota,Raize,2025,Import,Automatic,Hybrid,1200,10000,13400000
Toyota,Raize,2026,Brand New,Automatic,Hybrid,1196,0,14550000
Daihatsu,Rocky,2025,Reconditioned,Automatic,Hybrid,1200,11850,13650000
Toyota,Raize,2025,Import,Automatic,Petrol,1000,10000,12500000
Land Rover,Range Rover,2026,Brand New,8-speed Automatic with All Wheel Drive,Petrol,3000,0,160000000
Toyota,Corolla,1989,Used,Manual,Petrol,1500,300000,1500000
Toyota,Corolla,1986,Used,Manual,Petrol,1300,200000,2300000
Honda,Grace,2017,Used,Automatic,Hybrid,1490,72000,11800000
Suzuki,XBee,2023,Reconditioned,Automatic,Hybrid,996,49000,9975000
Suzuki,Wagon R,2014,Used,Automatic,Petrol,660,118250,5775000
Suzuki,Hustler,2025,Brand New,Automatic,Hybrid,650,0,9000000
Lexus,LBX,2024,Used,Automatic,Hybrid,1500,17146,24000000
Daihatsu,Mira,2025,Import,Automatic,Petrol,658,5000,7200000
Suzuki,Wagon R,2025,Reconditioned,Automatic,Petrol,660,8400,7750000
Mitsubishi,eK Wagon,2024,Reconditioned,Automatic,Petrol,660,3900,7450000
Honda,Vezel,2026,Import,Automatic,Hybrid,1500,20,19178000
Toyota,Taisor,2026,Brand New,Automatic,Petrol,1000,0,11875000
Toyota,Noah,2004,Used,Automatic,Petrol,1780,167480,8500000
Audi,Q5,2015,Used,Automatic,Petrol,2000,178000,16500000
Daihatsu,Mira,2026,Import,Automatic,Petrol,660,10,7800000
Nissan,Sunny,2008,Used,Automatic,Petrol,1300,142638,5150000
BMW,i4,2023,Used,Automatic,Electric,13,25000,42000000
Toyota,Harrier,2018,Reconditioned,Automatic,Petrol,2000,159000,20500000
Toyota,Roomy,2025,Brand New,Automatic,Petrol,1000,0,12450000
Toyota,Raize,2025,Reconditioned,Automatic,Petrol,1000,9500,11875000
Honda,Fit,2010,Used,Automatic,Hybrid,1300,167800,6175000
Toyota,Raize,2022,Used,Automatic,Petrol,1000,55460,11000000
Toyota,Raize,2025,Reconditioned,Automatic,Petrol,1200,5000,13900000
Daihatsu,Mira,2025,Import,Automatic,Petrol,658,10000,6900000
Honda,Vezel,2026,Brand New,Automatic,Hybrid,1500,100,20000000
Honda,CRV,2014,Used,Automatic,Petrol,2000,120000,11290000
Bajaj,Qute,2018,Used,Manual,Petrol,216,25000,1290000
Honda,Vezel,2025,Reconditioned,Automatic,Hybrid,1500,4800,20500000
Nissan,Other Model,1999,Used,Automatic,Diesel,3100,158000,7190000
Hyundai,Santro,2002,Used,Manual,Petrol,1000,201600,1700000
Land Rover,Defender,2026,Brand New,Automatic,Petrol,2000,0,98500000
Toyota,UrbanCruiser Hyryder,2026,Brand New,Automatic,Petrol,1500,0,18250000
Nissan,Dayz,2024,Brand New,Automatic,Petrol,660,16000,8675000
Honda,Vezel,2025,Reconditioned,Automatic,Petrol,1500,2140,19250000
Land Rover,Defender,2023,Reconditioned,Automatic,Petrol,2000,9900,68500000
Daihatsu,Thor,2024,Brand New,Automatic,Petrol,1000,13000,9890000
Toyota,Raize,2026,Brand New,Automatic,Petrol,1200,0,14800000
Toyota,Taisor,2026,Brand New,Automatic,Hybrid,1000,0,11900000
Land Rover,Defender,2008,Used,Manual,Diesel,2200,98000,27500000
Daihatsu,Thor,2024,Brand New,Automatic,Petrol,1000,13000,9890000
Suzuki,Spacia,2015,Used,Automatic,Petrol,650,143000,5990000
Toyota,Roomy,2024,Brand New,Automatic,Petrol,1000,13000,9890000
Nissan,Double cab,2007,Used,Manual,Diesel,3000,238000,8000000
Kia,Carens,2026,Brand New,Automatic,Petrol,1500,0,19890000
Suzuki,Jimny,2026,Reconditioned,Automatic,Petrol,660,5200,12350000
Kia,Sonet,2026,Brand New,Automatic,Petrol,1000,0,12590000
Hyundai,Alcazar,2026,Brand New,Automatic,Petrol,1500,0,20890000
Toyota,Roomy,2024,Brand New,Automatic,Petrol,1000,6000,9890000
Honda,Vezel,2026,Brand New,Automatic,Hybrid,1500,0,19800000
Bentley,Flying Spur,2018,Used,Automatic,Petrol,4000,10000,135000000
Toyota,Voxy,2014,Used,Automatic,Petrol,1800,180000,16800000
Toyota,Yaris,2024,Brand New,Automatic,Petrol,1000,4000,10290000
Toyota,Land Cruiser Prado,2015,Used,Automatic,Diesel,2982,144500,37500000
Toyota,Raize,2026,Brand New,Automatic,Petrol,1200,0,15250000
Land Rover,Discovery,2016,Used,Automatic,Diesel,3000,130000,27990000
Suzuki,Alto,2025,Reconditioned,Automatic,Petrol,660,7900,7200000
Toyota,Raize,2026,Brand New,Automatic,Petrol,1200,0,14750000
Honda,Vezel,2026,Brand New,Automatic,Petrol,1500,0,21350000
Toyota,RAV4,2013,Used,Automatic,Petrol,2360,146000,9995000
Suzuki,Alto,2003,Used,Automatic,Petrol,800,146000,2975000
Suzuki,Wagon R ZX,2026,Brand New,Automatic,Hybrid,650,2026,9650000
Toyota,Yaris,2023,Reconditioned,Automatic,Petrol,990,5900,9800000
Suzuki,Alto,2025,Brand New,Automatic,Hybrid,650,0,7575000
Kia,Sonet,2026,Brand New,Automatic,Petrol,1000,20,12990000
Kia,Sorento,2012,Used,Automatic,Diesel,2199,197000,9500000
Honda,Vezel,2026,Brand New,Automatic,Hybrid,1500,0,21250000
Audi,Q2,2017,Used,Automatic,Petrol,1000,130000,12500000
Toyota,Roomy,2025,Brand New,Automatic,Petrol,996,3,12000000
Kia,Sonet,2026,Brand New,Automatic,Petrol,1000,0,12600000
Honda,Vezel,2026,Brand New,Automatic,Hybrid,1500,0,20990000
Toyota,Taisor,2026,Brand New,Automatic,Petrol,1000,0,11875000
Audi,Q7,2017,Used,Automatic,Petrol,2000,117000,25000000
Toyota,Raize,2026,Brand New,Automatic,Hybrid,1200,10,15250000
Toyota,Vitz,2015,Used,Automatic,Petrol,1000,89600,7350000
Nissan,Magnite,2026,Used,Automatic,Petrol,1000,4000,9150000
Toyota,Raize,2025,Brand New,Automatic,Petrol,1200,0,14500000
Toyota,Taisor,2026,Brand New,Automatic,Petrol,1000,30,11890000
Honda,Vezel,2025,Brand New,Automatic,Hybrid,1500,0,19750000
Toyota,Taisor,2026,Brand New,Automatic,Petrol,1000,0,11700000
DFSK,Other Model,2021,Used,Automatic,Petrol,1500,76000,9960000
Toyota,Roomy,2025,Reconditioned,Automatic,Petrol,1000,1800,10950000
Isuzu,Gemini,1989,Used,Manual,Diesel,1470,250000,950000
Toyota,Passo,2016,Used,Automatic,Petrol,996,110000,7125000
Nissan,Sunny,2003,Used,Automatic,Petrol,1500,118000,4750000
Toyota,CHR,2023,Reconditioned,Automatic,Petrol,1200,17000,19300000
Perodua,Viva Elite,2011,Used,Automatic,Petrol,800,94521,4950000
Nissan,Sunny,1995,Used,Manual,Petrol,1500,63210,2845000
Hyundai,Santa Fe,2014,â¢ Very clean interior and exterior,Automatic,Petrol,2359,156691,11500000
DFSK,Glory,2021,Used,Tiptronic,Petrol,1500,29000,10800000
Toyota,Tercel,1996,Used,Automatic,Diesel,1500,300000,2950000
Peugeot,3008,2018,Used,Automatic,Petrol,1200,140570,13500000
Mitsubishi,eK Wagon,2024,Reconditioned,Automatic,Petrol,660,3900,7450000
Honda,Civic,1990,Used,Manual,Petrol,1450,145000,1450000
Mahindra,Scorpio,2026,Brand New,Automatic,Diesel,2179,0,13385593
Toyota,Corolla,1980,Used,Manual,Petrol,1200,120000,950000
Toyota,Crown,2026,Brand New,Automatic,Hybrid,2500,2000,50000000
Land Rover,Defender,2026,Brand New,Automatic,Petrol,2000,0,73000000
Toyota,CHR,2018,Used,Automatic,Petrol,1200,89556,13550000
BMW,525i,2025,Brand New,Automatic,Petrol,2000,0,59500000
Honda,Vezel,2025,Brand New,Automatic,Hybrid,1500,235,18550000
Toyota,Raize,2024,Reconditioned,Automatic,Hybrid,1200,8350,13575000
Toyota,Raize,2024,Reconditioned,Automatic,Petrol,1000,17200,11950000
Toyota,Raize,2026,Brand New,Automatic,Petrol,1200,0,14900000
Jaguar,F-Pace,2020,Used,Automatic,Petrol,2000,62000,37500000
Mazda,Familia,1981,Used,Manual,Petrol,1500,1000000,1150000
Hyundai,Elantra,1999,Used,Automatic,Petrol,1600,61000,2690000
Toyota,Taisor,2026,Brand New,Automatic,Petrol,1000,0,11790000
Maruti Suzuki,800,2006,Used,Manual,Petrol,800,120000,1975000
Hyundai,Venue,2026,Brand New,Automatic,Petrol,1000,0,13978000
Hyundai,Venue,2026,Brand New,Automatic,Petrol,1000,0,13975000
Kia,Syros,2026,Brand New,Automatic,Petrol,1000,0,13685000
Daihatsu,Terios,2007,Used,Automatic,Petrol,650,145000,4750000
Perodua,Axia,2019,Used,Automatic,Petrol,1000,91100,6700000
Kia,Kia Syros HTX PLUS O,2026,Brand New,Automatic (DCT),Petrol,1000,,13000000
Nissan,Magnite,2026,Brand New,Automatic,Petrol,1000,5,9650000
Toyota,Aqua,2013,Used,Automatic,Hybrid,1500,117854,7690000
Toyota,Premio,2013,Used,Automatic,Petrol,1490,86000,12500000
Lexus,RX350,2003,Used,Automatic,Petrol,3000,127000,8000000
Honda,Vezel,2025,Brand New,Automatic,Hybrid,1500,100,20350000
Honda,Civic,1990,Used,Manual,Petrol,1450,145000,1450000
Daihatsu,Rocky,2025,Brand New,Automatic,Hybrid,1200,400,13775000
Perodua,Axia,2019,Used,Automatic,Petrol,1000,91100,6700000
Toyota,Corolla,1998,âï¸ 100% Accident-Free (Clear Body),Automatic,Petrol,1500,225000,3700000
Honda,ZRV Z,2024,Used,Automatic,Petrol,1500,6021,21800000
Audi,Audi A3 Sportback S line,2024,High Grade Japan Unit,7-Speed S tronic Automatic,Petrol,1000,10000,16000000
Land Rover,Defender,2024,Brand New,Automatic,Hybrid,2000,0,78650000
Land Rover,Defender,2024,Brand New,Automatic,Hybrid,2000,0,78500000
Toyota,Toyota Prius Z Grade,2026,Brand New (0 KM),e-CVT Automatic,Hybrid,2000,0,34000000
Honda,Vezel,2025,Brand New,Automatic,Hybrid,1500,10,20590000
Audi,A3,2024,Excellent / Almost Brand New,Automatic (S Tronic),Petrol,1000,10000,14500000
Honda,Vezel,2025,Brand New,Automatic,Hybrid,1500,0,20575000
Hyundai,Venue,2026,Brand New,Automatic,Petrol,1000,170,13700000
Audi,A5,2017,Used,Automatic,Petrol,2000,55000,31500000
Suzuki,Wagon R FX,2025,Brand New,Automatic,Petrol,650,1500,7690000
Honda,CRV,2024,Brand New,Automatic,Petrol,1500,0,29500000
Honda,Vezel,2026,Brand New,Automatic,Hybrid,1500,0,19500000
Toyota,Raize,2026,Brand New,Automatic,Hybrid,1200,0,14690000
Mercedes Benz,C300,2015,Used,Automatic,Diesel,2100,75000,18490000
Suzuki,Every,2026,Brand New,Automatic,Petrol,660,0,11790000
Honda,Vezel,2025,Brand New,Automatic,Petrol,1500,0,18600000
DFSK,Glory,2021,Used,Automatic,Petrol,1500,71000,9950000
Land Rover,Land Rover Range Rover Evoque Dynamic HSE P300e,2025,High Grade Japan Unit,Automatic,Hybrid,1500,8000,42000000
Mitsubishi,Xpander,2018,Used,Automatic,Petrol,1500,92000,11850000
Nissan,Magnite,2026,Brand New,Automatic,Petrol,1000,50,9350000
Nissan,Magnite,2026,Reconditioned,Automatic,Petrol,1000,3000,9150000
Toyota,Rush,2012,Used,Automatic,Petrol,1490,205000,7200000
Nissan,Magnite,2026,Brand New,Automatic,Petrol,1000,0,9250000
Suzuki,Wagon R,2026,Brand New,Automatic,Hybrid,660,0,9300000
Honda,WR-V,2025,Used,Tiptronic,Petrol,1500,4200,16300000
BMW,X1,2019,Used,Automatic,Petrol,1500,83000,18750000
Maruti Suzuki,800,2006,Used,Manual,Petrol,800,95000,2275000
Nissan,Skyline,2003,Used,Automatic,Petrol,2500,55000,5950000
Nissan,Magnite,2026,Brand New,Automatic,Petrol,1000,20,9250000
Volkswagen,Taigun,2026,Brand New,Automatic,Petrol,1000,0,11990000
Toyota,Land Cruiser Prado,2011,Used,Automatic,Petrol,2700,180000,25000000
Volkswagen,Taigun,2026,Brand New,Automatic,Petrol,1000,0,11990000
Nissan,Roox,2024,Reconditioned,Automatic,Hybrid,660,19000,8800000
Volkswagen,Taigun,2026,Brand New,Automatic,Petrol,1000,0,11990000
Volkswagen,Taigun,2026,Brand New,Automatic,Petrol,1000,0,11990000
Volkswagen,Taigun,2026,Brand New,Automatic,Petrol,1000,0,12990000
Honda,Vezel,2026,Brand New,Automatic,Hybrid,1500,0,19475000
Volkswagen,Taigun,2026,Brand New,Automatic,Petrol,1000,0,12990000
Kia,Sonet,2026,Brand New,Automatic,Petrol,1000,0,10790000
Honda,Vezel,2026,Brand New,Automatic,Hybrid,1500,0,19500000
Kia,Sonet,2026,Brand New,Automatic,Petrol,1000,0,12590000
Kia,Sonet,2026,Brand New,Automatic,Petrol,1000,0,12590000
Toyota,Taisor,2026,Brand New,Automatic,Petrol,1000,0,11950000
Kia,Sonet,2026,Brand New,Automatic,Petrol,1000,0,12650000
Nissan,Magnite,2026,Brand New,Automatic,Petrol,1000,0,9590000
Nissan,Magnite,2026,Brand New,Automatic,Petrol,1000,0,10290000
Toyota,Taisor,2026,Brand New,Automatic,Petrol,1000,0,10975000
Kia,Sonet,2026,Brand New,Automatic,Petrol,1000,0,12650000
Nissan,Magnite,2026,Brand New,Automatic,Petrol,1000,0,9690000
Nissan,Magnite,2026,Brand New,Automatic,Petrol,1000,0,9590000
Honda,Vezel,2024,Used,Automatic,Hybrid,1500,11000,18490000
Suzuki,Alto,2014,Used,Manual,Petrol,800,75364,4100000
Ssang Yong,Tivoli,2015,Used,Tiptronic,Petrol,1600,150000,7190000
Nissan,Magnite,2026,Brand New,Automatic,Petrol,1000,0,8790000
Nissan,Magnite,2026,Brand New,Automatic,Petrol,1000,0,8890000
Toyota,Roomy,2025,Brand New,Automatic,Petrol,1000,850,9500000
BMW,X1,2018,Used,Automatic,Petrol,1500,96000,15950000
Mitsubishi,Montero,2012,Used,Automatic,Diesel,2500,33000,17990000
Suzuki,Alto,2026,Brand New,Automatic,Petrol,1000,0,6950000
Toyota,UrbanCruiser Hyryder,2026,Brand New,Automatic,Hybrid,1500,0,17990000
Honda,Vezel,2015,Used,Automatic,Hybrid,1500,133500,10500000
Toyota,Raize,2026,Brand New,Automatic,Hybrid,1200,0,15200000
Mitsubishi,Montero,2007,Used,Automatic,Petrol,3500,150000,15500000
Suzuki,Alto,2024,Brand New,Automatic,Petrol,660,0,6890000
Honda,Vezel,2025,Brand New,Automatic,Hybrid,1500,0,20000000
Honda,Vezel,2026,Brand New,Automatic,Hybrid,1500,0,20900000
Toyota,Land Cruiser Prado,2024,Used,Automatic,Diesel,2800,2000,83590000
Land Rover,Defender,2026,Reconditioned,Automatic,Hybrid,2000,40,77650000
Daihatsu,Mira,2025,Import,Automatic,Petrol,660,2600,7500000
BMW,320d,2014,Used,Automatic,Diesel,2000,143000,20500000
Mercedes Benz,C300,2016,Used,Automatic,Petrol,2000,62000,23500000
Toyota,Raize,2026,Brand New,Automatic,Hybrid,1200,0,14600000
Suzuki,Swift,2017,Used,Automatic,Petrol,1000,62000,8500000
Suzuki,Alto,2026,Brand New,Automatic,Petrol,1000,0,6950000
Kia,Sonet,2026,Brand New,Automatic,Petrol,1000,0,12750000
Suzuki,Alto,2017,Used,Automatic,Petrol,650,95422,5575000
Toyota,Other Model,2025,Reconditioned,Automatic,Diesel,2800,310,26800000
Audi,A3,2023,Used,Automatic,Petrol,1000,0,22450000
Mitsubishi,eK Wagon,2024,Reconditioned,Automatic,Petrol,660,3900,7450000
Toyota,Starlet,1997,Used,Automatic,Petrol,1450,175000,3250000
Honda,Vezel,2026,Brand New,Automatic,Hybrid,1496,20,19275000
Honda,Vezel,2026,Brand New,Automatic,Hybrid,1500,500,20450000
Toyota,Land Cruiser Prado,2024,Brand New,Automatic,Petrol,2700,1000,61990000
Suzuki,Spacia,2025,Import,Automatic,Hybrid,660,5000,10500000
Honda,Civic,1991,Used,Manual,Petrol,1500,100523,3800000
Toyota,Raize,2025,Reconditioned,Automatic,Petrol,1000,30000,11650000
Audi,Q2,2018,Used,Automatic,Petrol,1000,72000,12250000
Toyota,Land Cruiser Prado,2024,Brand New,Automatic,Petrol,2700,1000,61990000
Suzuki,Wagon R ZX,2026,Reconditioned,Automatic,Hybrid,660,290,9225000
Daihatsu,Mira,2025,Import,Automatic,Petrol,660,2000,7100000
Toyota,Corolla,2023,Reconditioned,Automatic,Petrol,1500,8100,16000000
Suzuki,Wagon R FX,2024,Brand New,Automatic,Petrol,660,0,7975000
Land Rover,Range Rover Sport,2017,Used,Automatic,Diesel,2000,93000,31000000
Toyota,Land Cruiser Sahara,2015,Used,Automatic,Diesel,4500,215000,52500000
Honda,Grace,2015,Used,Automatic,Hybrid,1500,161000,9400000
Toyota,Taisor,2026,Brand New,Automatic,Petrol,990,18,11850000
Mercedes Benz,E200,2020,Used,Tiptronic,Petrol,1500,45000,32500000
Honda,Vezel,2018,Used,Automatic,Hybrid,1490,158500,13690000
Toyota,Taisor,2026,Brand New,Automatic,Petrol,1000,0,11790000
Kia,Sonet,2026,Brand New,Automatic,Petrol,1000,0,11475000
Toyota,Yaris,2026,Brand New,Automatic,Petrol,1000,50,11690000
Honda,CRV,2023,Reconditioned,Automatic,Petrol,1500,27000,27500000
Toyota,Yaris,2026,Brand New,Automatic,Petrol,1000,56,11870000
Honda,CRV,2024,Reconditioned,Automatic,Petrol,1500,32000,27250000
Honda,CRV,2024,Reconditioned,Automatic,Petrol,1500,9000,28250000
Daihatsu,Mira,2024,Reconditioned,Automatic,Petrol,660,6000,6900000
Kia,Sorento,2012,Used,Automatic,Diesel,2199,197000,9500000
BMW,740Le,2017,Used,Automatic,Petrol,2000,50000,39800000
Toyota,Raize,2025,Brand New,Automatic,Hybrid,1200,0,14390000
Toyota,Roomy,2023,Reconditioned,Automatic,Petrol,1000,111000,8450000
Toyota,Taisor,2026,Brand New,Automatic,Petrol,1000,0,11290000
Toyota,Roomy,2023,Reconditioned,Automatic,Petrol,1000,62000,10500000
Toyota,Yaris,2024,Reconditioned,Automatic,Petrol,1000,46000,9800000
Toyota,Fortuner,2015,Used,Automatic,Petrol,2700,72000,17850000
Kia,Sonet,2026,Brand New,Automatic,Petrol,1000,0,12500000
Toyota,Corolla,1990,Used,Manual,Petrol,1500,34000,2075000
Toyota,Taisor,2026,Brand New,Automatic,Petrol,1000,0,11500000
Toyota,Taisor,2026,Brand New,Automatic,Petrol,1000,0,11290000
Toyota,Taisor,2026,Brand New,Automatic,Petrol,1000,0,11890000
Suzuki,Alto,2015,Used,Manual,Petrol,796,86000,4200000
Suzuki,Fronx,2025,Used,Automatic,Petrol,1000,5000,11175000
Nissan,X-Trail,2014,Used,Automatic,Petrol,2000,92000,11950000
Honda,Vezel,2014,Used,Automatic,Hybrid,1500,118000,9490000
Kia,Sportage,2015,Used,Automatic,Diesel,2000,29000,12500000
Honda,Vezel,2017,Used,Automatic,Hybrid,1500,133500,12000000
Suzuki,Wagon R Stingray,2018,Used,Automatic,Hybrid,660,72700,7450000
Toyota,Harrier,2015,Used,Automatic,Petrol,2000,66000,19850000
Nissan,Cefiro,2002,Used,Automatic,Diesel,800,32100,4500000
Mitsubishi,RVR,2010,Used,Automatic,Petrol,1700,126000,7375000
Toyota,Aqua,2015,Used,Automatic,Hybrid,1500,128500,8850000
Peugeot,3008,2020,Used,Automatic,Petrol,1198,63000,15500000
Toyota,Rush,2020,Used,Automatic,Petrol,1496,104000,14000000
Audi,A3,2023,Reconditioned,Automatic,Petrol,1000,30000,16250000
Toyota,Passo,2016,Used,Automatic,Petrol,1000,52500,7390000
Toyota,Taisor,2026,Brand New,Automatic,Petrol,1000,0,11900000
Kia,Sorento,2012,Used,Automatic,Diesel,2199,197000,9500000
Audi,A3,2023,Used,Tiptronic,Petrol,1000,33000,21000000
Suzuki,Alto,2024,Reconditioned,Automatic,Hybrid,650,46100,7590000
Suzuki,Alto,2024,Reconditioned,Automatic,Petrol,650,8536,7190000
Honda,Vezel,2026,Brand New,Automatic,Hybrid,1490,45,20250000
Honda,Vezel,2026,Brand New,Automatic,Hybrid,1490,0,20900000
Toyota,Roomy,2025,Brand New,Automatic,Petrol,1000,0,12000000
Land Rover,Freelander,2009,Used,Automatic,Petrol,3000,140000,6400000
Mercedes Benz,E200,2011,Used,Automatic,Petrol,1800,49000,14800000
Mitsubishi,L200,2024,Reconditioned,Automatic,Diesel,2400,2000,23800000
Suzuki,Wagon R ZX,2026,Brand New,Automatic,Hybrid,650,0,9450000
Toyota,Taisor,2026,Brand New,Automatic,Petrol,1000,0,11890000
Toyota,Corolla,2024,Reconditioned,Automatic,Hybrid,1800,6000,25250000
Honda,Vezel,2024,Import,Automatic,Hybrid,1500,10000,16200000
Toyota,Taisor,2026,Brand New,Automatic,Petrol,1000,0,11990000
Renault,KWID,2017,Used,Manual,Petrol,800,87000,3790000
Toyota,Taisor,2026,Brand New,Automatic,Petrol,1000,0,11990000
Honda,Vezel,2025,Brand New,Automatic,Hybrid,1490,10,20900000
Honda,Freed,2024,Reconditioned,Automatic,Hybrid,1500,12000,18500000
Toyota,Raize,2026,Brand New,Automatic,Hybrid,1200,0,14790000
Suzuki,Spacia,2016,Used,Automatic,Petrol,660,108000,6300000
Honda,Vezel,2024,Reconditioned,Automatic,Hybrid,1500,24000,17950000
Daihatsu,Mira,2025,Import,Automatic,Petrol,660,10000,6600000
Honda,Vezel,2024,Reconditioned,Automatic,Hybrid,1500,10000,18950000
Toyota,Aqua,2012,Used,Automatic,Hybrid,1500,126000,7850000
Nissan,Serena,2025,Brand New,Automatic,Hybrid,1400,0,22900000
Kia,Syros,2026,Brand New,Automatic,Petrol,1000,0,13700000
Toyota,Raize,2026,Brand New,Automatic,Petrol,1200,0,14800000
Toyota,Starlet,1997,Used,Automatic,Petrol,1450,175000,3250000
Toyota,Land Cruiser,2025,Brand New,Automatic,Petrol,3500,3000,93500000
Suzuki,Wagon R,2025,Used,Automatic,Petrol,650,1750,8950000
Honda,Vezel,2025,Brand New,Automatic,Hybrid,1500,10000,18490000
Daihatsu,Mira,2025,Brand New,Automatic,Petrol,660,0,7050000
Honda,Vezel,2024,Reconditioned,Automatic,Hybrid,1500,18000,17950000
Honda,Vezel,2026,Reconditioned,Automatic,Hybrid,1500,0,18990000
Toyota,Prius,2010,Used,Automatic,Hybrid,1798,270000,10300000
Kia,Sonet,2026,Brand New,Automatic,Petrol,1000,0,11390000
Toyota,Taisor,2026,Brand New,Automatic,Petrol,1000,0,11850000
Peugeot,3008,2018,Used,Automatic,Petrol,1200,120000,11250000
BMW,740Le,2018,Used,Automatic,Hybrid,2000,118000,37000000
Suzuki,Fronx,2026,Brand New,Automatic,Petrol,1000,0,11550000
Mini,Cooper,2017,Used,Automatic,Petrol,1500,46000,11650000
Suzuki,Fronx,2026,Brand New,Automatic,Petrol,1000,0,11550000
Toyota,Taisor,2026,Brand New,Automatic,Petrol,1000,0,11950000
Suzuki,Fronx,2026,Brand New,Automatic,Petrol,1000,0,11550000
Suzuki,Fronx,2026,Brand New,Automatic,Petrol,1000,0,11550000
Toyota,Taisor,2026,Brand New,Automatic,Petrol,1000,0,11950000
Honda,Vezel,2026,Brand New,Automatic,Hybrid,1500,0,19990000
Toyota,Vitz,2016,Used,Automatic,Petrol,1000,65400,7950000
Toyota,Taisor,2026,Brand New,Automatic,Petrol,1000,0,11950000
Honda,Vezel,2026,Brand New,Automatic,Hybrid,1500,0,19990000
Toyota,Hilux,1989,Used,Manual,Diesel,2700,300000,5500000
Honda,Vezel,2026,Brand New,Automatic,Hybrid,1500,0,19990000
Honda,City,2026,Brand New,Automatic,Petrol,1000,0,14000000
Suzuki,Fronx,2026,Brand New,Automatic,Petrol,1000,0,11490000
Honda,Vezel,2025,Brand New,Automatic,Hybrid,1500,100,20350000
Nissan,Dayz,2023,Reconditioned,Automatic,Petrol,660,20000,7585000
Honda,WR-V,2025,Used,Tiptronic,Petrol,1500,4200,16300000
Nissan,Sunny,1992,Used,Manual,Petrol,1400,285600,2175000
Honda,Vezel,2024,Brand New,Automatic,Hybrid,1500,21500,17850000
Toyota,Alphard,2025,Used,Automatic,Petrol,2500,95,63000000
Mercedes Benz,GLB,2025,Reconditioned,Automatic,Petrol,1400,1800,39500000
Honda,N-WGN,2024,Reconditioned,Automatic,Petrol,658,15371,7750000
Nissan,Roox,2023,Reconditioned,Automatic,Petrol,650,6800,9200000
Toyota,Corolla,1984,Used,Manual,Petrol,1300,352800,1000000
Nissan,Dayz,2026,Brand New,Automatic,Petrol,660,127,8600000
Daihatsu,Mira,2025,Reconditioned,Automatic,Petrol,658,10450,7350000
Suzuki,Fronx,2026,Brand New,Automatic,Hybrid,1000,0,11490000
Peugeot,5008,2025,Brand New,Automatic,Hybrid,1200,0,35900000
Mercedes Benz,EQE 300,2024,Used,Automatic,Electric,180,20000,48590000
Suzuki,Every,2024,Used,Automatic,Petrol,650,12000,7850000
Nissan,Magnite,2026,Brand New,Automatic,Petrol,1000,0,9390000
Toyota,Taisor,2026,Brand New,Automatic,Petrol,1000,0,11875000
Toyota,Land Cruiser Prado,2015,Brand New,Automatic,Petrol,2700,118521,38500000
Toyota,Roomy,2022,Reconditioned,Automatic,Petrol,1000,33000,9300000
Nissan,Sunny,2008,Used,Manual,Petrol,1500,271857,4995000
Kia,Seltos,2026,Brand New,Automatic,Petrol,1500,0,20290000
Honda,Vezel,2026,Brand New,Automatic,Hybrid,1500,0,19590000
Mazda,Flair,2024,Reconditioned,Automatic,Petrol,650,6200,8950000
Toyota,Raize,2026,Brand New,Automatic,Hybrid,1200,0,15350000
Toyota,UrbanCruiser Hyryder,2026,Brand New,Automatic,Hybrid,1500,0,17990000
Land Rover,Range Rover Sport,2008,Used,Automatic,Diesel,3800,0,24500000
Land Rover,Range Rover,2026,Brand New,Automatic,Hybrid,3000,0,164000000
Honda,Civic,1990,Used,Manual,Petrol,1450,145000,1450000
Toyota,Taisor,2026,Brand New,Automatic,Hybrid,1000,0,11900000
Honda,Vezel,2025,Used,Automatic,Hybrid,1500,19000,18350000
Toyota,Prius,2010,Used,Automatic,Hybrid,1800,180000,8650000
Mitsubishi,Outlander,2015,Used,Automatic,Hybrid,1990,173617,12850000
Lexus,LX600,2026,Brand New,Automatic,Petrol,3500,8,138000000
Volkswagen,Golf,2023,Reconditioned,Automatic,Petrol,1000,17000,15490000
Daihatsu,Mira,2024,Reconditioned,Automatic,Petrol,650,5000,6950000
Toyota,Land Cruiser,2026,Import,Manual,Diesel,2755,0,29500000
Volkswagen,Golf,2023,Reconditioned,Automatic,Petrol,1000,11000,15490000
Nissan,Dayz,2024,Reconditioned,Automatic,Petrol,1500,5000,7950000
Jeep,Renegade,2017,Used,Automatic,Petrol,1400,100000,11500000
Toyota,Land Cruiser Sahara,2024,Brand New,Automatic,Diesel,3500,0,106000000
Daihatsu,Taft,2024,Used,Automatic,Petrol,650,5000,8250000
Suzuki,Wagon R FX,2016,Used,Automatic,Hybrid,650,130000,5990000
Toyota,Land Cruiser Prado,1988,Used,Automatic,Diesel,3000,30000,13990000
Toyota,Premio,2018,Accident free,Automatic,Petrol,1500,114000,15900000
Nissan,Magnite,2026,Brand New,Automatic,Petrol,1000,0,8990000
Mercedes Benz,C220,2014,Used,Automatic,Diesel,2143,126000,13350000
Toyota,Yaris,2023,Reconditioned,Automatic,Petrol,1000,89500,9190000
Land Rover,Range Rover Evoque,2023,Reconditioned,Automatic,Hybrid,1500,9800,45000000
Land Rover,Defender,2025,Brand New,Automatic,Petrol,2000,100,86000000
Toyota,Raize,2025,Reconditioned,Automatic,Petrol,1000,15214,12690000
Kia,Sorento,2017,Used,Automatic,Diesel,2200,128000,17500000
Mercedes Benz,G450d,2024,Brand New,Automatic,Diesel,3000,1000,158000000
Honda,CRV,2025,Brand New,Automatic,Petrol,1500,0,31990000
Toyota,Yaris,2024,Reconditioned,Automatic,Petrol,1000,11911,10400000
Honda,Vezel,2026,Brand New,Automatic,Hybrid,1500,253,19900000
Honda,Civic,1990,Used,Manual,Petrol,1450,145000,1450000
Mercedes Benz,S300,2007,Used,Automatic,Petrol,2999,100000,15500000
BMW,318i,2016,Used,Tiptronic,Petrol,1500,35000,19800000
Suzuki,Wagon R ZX,2025,Reconditioned,Automatic,Hybrid,660,6057,9000000
Honda,Vezel,2024,Reconditioned,Automatic,Hybrid,1500,13100,19900000
Land Rover,Range Rover Sport,2018,Used,Automatic,Diesel,2000,75000,38500000
Toyota,Vellfire,2026,Brand New,Automatic,Hybrid,2500,100,60000000
Toyota,Yaris,2024,Reconditioned,Automatic,Petrol,1000,13180,10400000
BMW,Mini Cooper,2026,Brand New,Automatic,Petrol,1500,500,31000000
Toyota,Harrier,2017,Used,Automatic,Petrol,2000,105000,21500000
Volkswagen,T-Cross,2024,Brand New,Automatic,Petrol,1000,1000,16990000
Daihatsu,Mira,2025,Reconditioned,Automatic,Petrol,660,6852,7300000
Honda,Vezel,2026,Brand New,Tiptronic,Hybrid,1500,0,20700000
Honda,Vezel,2026,Brand New,Tiptronic,Hybrid,1500,0,21000000
Land Rover,Range Rover Sport,2018,Used,Automatic,Petrol,2000,48000,49500000
Toyota,Raize,2026,Brand New,Automatic,Hybrid,1200,0,14550000
Nissan,Sunny,1984,Used,Manual,Petrol,1500,161707,1080000
Nissan,Tiida,2008,Used,Automatic,Petrol,1500,110000,5100000
Mitsubishi,Xpander,2020,Used,Automatic,Petrol,1600,80000,13500000
Toyota,Alphard,2025,Brand New,Automatic,Petrol,2500,0,57500000
Nissan,Almera,2025,Brand New,Automatic,Petrol,1000,0,13950000
Toyota,Vitz,2015,Used,Automatic,Petrol,1000,100650,7500000
Toyota,Vitz,2000,Used,Automatic,Petrol,1000,158000,4000000
Suzuki,Alto,2015,Used,Manual,Petrol,800,172000,4150000
Ford,Raptor Ranger,2025,Brand New,Automatic,Diesel,2000,0,35500000
Toyota,Yaris,2023,Brand New,Manual,Petrol,1600,9000,45000000
Toyota,Crown,1984,Used,Manual,Diesel,2000,23000,1550000
Nissan,Serena,2024,Brand New,Automatic,Petrol,1500,0,24850000
Daihatsu,Mira,2025,Import,Automatic,Petrol,658,10000,6900000
DFSK,Glory,2021,Used,Automatic,Petrol,1500,46000,9250000
Toyota,Taisor,2026,Import,Automatic,Hybrid,996,20,11250000
Nissan,Almera,2025,Brand New,Automatic,Petrol,1000,0,13250000
Daihatsu,Charade,1985,Used,Manual,Petrol,1000,96000,1190000
Audi,A3,2017,Used,Automatic,Petrol,1000,74000,11500000
Hyundai,Venue,2026,Brand New,Automatic,Petrol,1000,0,14100000
Toyota,Allion,2007,Used,Automatic,Petrol,1490,152000,9750000
Land Rover,Range Rover,2017,Used,Automatic,Petrol,3000,85000,47500000
Toyota,Raize,2025,Brand New,Automatic,Hybrid,1200,0,14500000
BMW,520d,2013,Used,Automatic,Diesel,1995,128000,18675000
Toyota,Prius,2012,Used,Automatic,Hybrid,1800,176000,10975000
Nissan,Dayz,2026,Brand New,Automatic,Petrol,660,0,8100000
Nissan,X-Trail,2014,Used,Automatic,Petrol,1990,144000,10875000
Suzuki,Wagon R ZX,2025,Brand New,Automatic,Hybrid,650,1,9975000
Kia,Sonet,2026,Brand New,Automatic,Petrol,1000,0,12750000
Toyota,Taisor,2026,Used,Automatic,Petrol,1000,0,12000000
Honda,Vezel,2025,Used,Automatic,Petrol,1500,2200,19500000
Kia,Sonet,2026,Brand New,Automatic,Petrol,1000,0,12675000
Toyota,Raize,2020,Used,Automatic,Petrol,1000,41000,11390000
Kia,Sonet,2026,Brand New,Automatic,Petrol,1000,0,12600000
Maruti Suzuki,800,2007,Used,Manual,Petrol,800,163500,2475000
Suzuki,Wagon R,2024,Brand New,Automatic,Petrol,660,6000,7850000
Toyota,Raize,2023,Brand New,Automatic,Petrol,1200,8000,13600000
Volkswagen,Beetle,2019,Used,Automatic,Petrol,1200,60000,13500000
BMW,X3,2013,Used,Automatic,Diesel,2000,160000,14500000
Toyota,Roomy,2024,Reconditioned,Automatic,Petrol,999,7212,10775000
Suzuki,Wagon R,2026,Brand New,Automatic,Petrol,650,10,8550000
BYD,Sealion 6,2024,Used,Automatic,Petrol,1500,10000,20250000
Mitsubishi,Outlander,2025,Used,Automatic,Petrol,1500,3200,21250000
DFSK,Glory,2021,Used,Tiptronic,Petrol,1500,29000,10800000
Suzuki,Celerio,2015,Used,Automatic,Petrol,1000,95000,5490000
Toyota,Land Cruiser Prado,1997,Used,Automatic,Diesel,3000,189521,12250000
Suzuki,Wagon R FX,2025,Brand New,Automatic,Petrol,650,4000,7975000
Suzuki,Wagon R FX,2024,Brand New,Automatic,Petrol,650,5000,7850000
Toyota,Raize,2024,Brand New,Automatic,Hybrid,1200,18000,13900000
Toyota,Aqua,2024,Brand New,Automatic,Hybrid,1500,9000,15475000
Toyota,Aqua,2023,Brand New,Automatic,Hybrid,1500,8100,14475000
Toyota,Hilux,2010,Used,Manual,Diesel,2494,221957,11500000
BMW,330e,2016,Used,Automatic,Hybrid,2000,62000,25500000
Honda,Vezel,2026,Brand New,Automatic,Hybrid,1500,0,19440000
Toyota,Land Cruiser Prado,2026,Brand New,Automatic,Petrol,2700,0,64990000
Ford,Ranger,2006,Used,Manual,Diesel,2500,80700,7500000
Toyota,Raize,2026,Brand New,Automatic,Hybrid,1000,0,14790000
Audi,A3,2024,Reconditioned,Automatic,Petrol,1000,11000,18990000
Suzuki,Escudo,2023,Reconditioned,Automatic,Hybrid,1500,11000,14800000
Toyota,Yaris,2023,Brand New,Automatic,Petrol,1000,29000,9150000
Suzuki,Spacia,2023,Brand New,Automatic,Hybrid,660,12000,8450000
Honda,Vezel,2026,Brand New,Automatic,Petrol,1500,0,19600000
Honda,Vezel,2026,Brand New,Tiptronic,Hybrid,1500,0,18850000
Audi,Audi Q4 2024- Advance (Higher Range),2024,Import,Automatic,Electric,50,10000,35700000
Toyota,Roomy,2023,Brand New,Automatic,Petrol,1000,25000,8850000
Toyota,Land Cruiser Sahara,2010,Used,Automatic,Petrol,4600,185000,40000000
Suzuki,Wagon R FX,2016,Used,Automatic,Petrol,650,69000,6350000
Honda,Fit,2014,Used,Automatic,Hybrid,1500,86435,9000000
Suzuki,Jimny,2026,Import,Automatic,Hybrid,660,0,9900000
Nissan,Dayz,2024,Reconditioned,Automatic,Hybrid,660,7000,8175000
Mercedes Benz,C180,2017,Used,Automatic,Petrol,1600,79000,19500000
Honda,Beat,2026,Brand New,Automatic,Hybrid,1500,0,19450000
Daihatsu,Rocky,2026,Brand New,Automatic,Hybrid,1196,20,13450000
Toyota,Roomy,2023,Brand New,Automatic,Petrol,1000,25000,8950000
Honda,N-Box,2024,Reconditioned,Automatic,Petrol,658,9650,9150000
DFSK,Glory,2023,Used,CVT Automatic,Petrol,1498,49000,10475000
Nissan,Roox,2024,Reconditioned,Automatic,Petrol,658,10000,7850000
Daihatsu,Taft,2026,Import,Automatic,Petrol,660,0,8000000
Suzuki,Swift,2007,Used,Automatic,Petrol,1300,183850,5200000
Land Rover,Discovery,2015,Used,Automatic,Diesel,2993,98000,29800000
BMW,525i,2025,Brand New,Automatic,Petrol,2000,0,71000000
Suzuki,Spacia,2023,Brand New,Automatic,Hybrid,660,26000,7950000
Nissan,Dayz,2024,Reconditioned,Automatic,Petrol,660,5500,7775000
Toyota,Roomy,2025,Used,Automatic,Petrol,1000,2250,9350000
Toyota,Other Model,2026,Import,Automatic,Diesel,2800,0,28200000
Mitsubishi,eK Wagon,1981,Used,Manual,Petrol,1400,145580,595000
Daihatsu,Mira,2025,Used,Automatic,Petrol,650,3913,8200000
Toyota,Corolla,2026,Import,Automatic,Hybrid,1800,0,28000000
Kia,Rio,2002,Used,Manual,Petrol,1300,167000,2825000
Nissan,Roox,2024,Reconditioned,Automatic,Hybrid,658,28000,8950000
Honda,CRV,2018,Used,Automatic,Petrol,1500,69000,19000000
Toyota,Taisor,2025,Brand New,Automatic,Hybrid,1000,0,11200000
Honda,N-WGN,2025,Brand New,Automatic,Petrol,658,250,8250000
Suzuki,Hustler,2026,Import,Automatic,Petrol,660,0,8000000
Toyota,Corolla,1996,Used,Manual,Petrol,1500,150000,3875000
Toyota,Toyota Sienta Hybrid Z,2026,Brand New (0 KM),e-CVT Automatic,Hybrid,1500,0,19500000
Suzuki,Wagon R,2025,Reconditioned,Automatic,Petrol,660,8400,7750000
Mercedes Benz,C180,2011,Used,Automatic,Petrol,1800,167000,11750000
Suzuki,Wagon R,2024,Brand New,Automatic,Petrol,660,6000,7850000
Toyota,Sprinter,1984,Used,Manual,Petrol,1300,120000,1695000
Toyota,Raize,2026,Brand New,Automatic,Petrol,1200,0,14900000
Toyota,Land Cruiser,2025,Brand New,Automatic,Petrol,3000,50,108000000
Mazda,Other Model,2026,Brand New,Automatic,Petrol,2500,100,58000000
Land Rover,Defender,2026,Brand New,Automatic,Petrol,2000,100,79000000
Toyota,Toyota Corolla Cross Z Grade,2026,Brand New (0 KM),e-CVT Automatic,Hybrid,1800,0,29500000
Suzuki,Wagon R FX,2017,Used,Automatic,Hybrid,650,89542,6150000
Mercedes Benz,C200,2020,Used,Automatic,Petrol,1500,80000,21500000
Nissan,Almera,2026,Brand New,Automatic,Petrol,1000,0,16200000
Honda,Fit Shuttle,2012,Used,Automatic,Hybrid,1300,240000,8300000
Land Rover,Defender,2025,Brand New,Automatic,Petrol,2000,100,79000000
Honda,Vezel,2026,Brand New,Automatic,Hybrid,1500,100,19800000
Toyota,Alphard,2024,Used,Automatic,Hybrid,2500,14500,56500000
Toyota,Yaris,2011,Used,Automatic,Petrol,1300,120000,6950000
Toyota,Harrier,2025,Brand New,Automatic,Hybrid,2500,3000,46000000
Nissan,Dayz,2026,Brand New,Automatic,Hybrid,660,0,8800000
Toyota,Vitz,2018,Used,Automatic,Petrol,1000,70000,8575000
Mitsubishi,Montero,2012,Used,Automatic,Diesel,2500,158000,13200000
Mitsubishi,Outlander,2015,Used,Automatic,Hybrid,2000,124000,13600000
Audi,Audi A3 Sedan 30 TFSI,2023,Excellent / Low Mileage Units,7-Speed S tronic Automatic,Petrol,1000,10000,18500000
Suzuki,Wagon R FX,2023,Brand New,Automatic,Petrol,660,12000,7800000
Toyota,Roomy,2023,Brand New,Automatic,Petrol,1000,1000,11000000
Toyota,Raize,2026,Brand New,Automatic,Hybrid,1200,20,14650000
BMW,528i,2012,Used,Automatic,Petrol,2000,98000,17500000
Kia,Sorento,2011,Used,Automatic,Diesel,2200,142000,11200000
Honda,Vezel,2026,Brand New,Automatic,Petrol,1500,0,17350000
Toyota,Alphard,2024,Reconditioned,Automatic,Petrol,1800,14000,55500000
DFSK,Glory,2021,Used,Tiptronic,Petrol,1500,29000,10800000
Mercedes Benz,E180,2019,Used,Automatic,Petrol,1500,24000,30500000
Honda,Vezel,2026,Brand New,Automatic,Hybrid,1500,0,19775000
Honda,Vezel,2025,Brand New,Automatic,Hybrid,1500,0,20775000
Toyota,Raize,2024,Brand New,Automatic,Hybrid,1200,13000,14250000
Suzuki,Wagon R Stingray,2018,Used,Automatic,Hybrid,650,119000,7485000
Kia,Sonet,2026,Brand New,Automatic,Petrol,1000,0,12525000
Suzuki,Spacia,2023,Import,Automatic,Hybrid,660,5700,9275000
Peugeot,5008,2025,Brand New,Automatic,Hybrid,1200,20,36790000
Toyota,Roomy,2025,Unregistered / Fresh Import,Automatic,Petrol,1000,3500,11600000
Honda,Vezel,2025,Brand New,Automatic,Hybrid,1500,0,19675000
Daihatsu,Taft,2023,Reconditioned,Automatic,Petrol,660,27000,8490000
Honda,City,2025,Import,Automatic,Petrol,1000,0,16900000
Mercedes Benz,C180,2010,Brand New,Automatic,Petrol,1800,95000,11050000
Toyota,Corolla,1990,Used,Manual,Petrol,1500,100000,2100000
Suzuki,Swift,2008,Used,Automatic,Petrol,1300,180000,5450000
Honda,N-Box,2023,Reconditioned,Automatic,Petrol,660,17900,8890000
Toyota,Raize,2024,Brand New,Automatic,Hybrid,1190,0,14490000
Mercedes Benz,E200,2025,Brand New,Automatic,Petrol,2000,0,75500000
Suzuki,Alto,2026,Import,Automatic,Petrol,660,0,6800000
Suzuki,Other Model,2026,Import,Automatic,Petrol,660,0,7700000
Suzuki,Wagon R,2024,Reconditioned,Automatic,Hybrid,660,6200,8650000
Mercedes Benz,GLE300d AMG Premium Plus,2019,Used,Automatic,Diesel,2000,53000,47500000
Honda,N-WGN,2023,Reconditioned,Automatic,Petrol,660,37700,8000000
Daihatsu,Canbus,2024,Reconditioned,Automatic,Petrol,660,10300,8690000
Peugeot,3008,2019,Used,Tiptronic,Petrol,1199,60000,15500000
Toyota,Taisor,2026,Brand New,Automatic,Petrol,1000,0,11900000
Mercedes Benz,C180,2010,Used,Automatic,Petrol,1597,89175,10300000
Volvo,S60,2016,Used,"Automatic Edition: T6 AWD Drive-Engine Performance: 316 HP, 400 Nm, 8-speed automatic gearbox (7,000 RPM) Acceleration: 0 - 100 km/h in 5.6 seconds (Top speed: 250 km/h)",Petrol,2000,31000,15900000
Nissan,Dayz,2026,Import,Automatic,Petrol,660,0,7990000
Zotye,Z100,2017,Used,Automatic,Petrol,998,98424,2950000
Suzuki,Wagon R FX,2017,Used,Automatic,Hybrid,650,142843,6175000
Nissan,Sunny,1986,Used,Manual,Petrol,1500,98000,1750000
Honda,Vezel,2026,Brand New,Automatic,Hybrid,1500,0,21250000
Suzuki,Wagon R,2025,Brand New,Automatic,Hybrid,650,19,8750000
Nissan,Patrol,2013,Used,Automatic,Diesel,3000,116752,25000000
Suzuki,Wagon R FX,2024,Used,Automatic,Hybrid,650,11000,8190000
Daihatsu,Mira,2025,Reconditioned,Automatic,Petrol,650,2000,7350000
Mahindra,KUV 100,2019,Used,Manual,Petrol,1198,69752,5250000
Honda,HR-V,2026,Brand New,Automatic,Hybrid,1500,1,19600000
Suzuki,Spacia,2017,Used,Automatic,Hybrid,660,100000,6300000
Suzuki,Wagon R ZX,2026,Brand New,Automatic,Hybrid,650,0,9450000
Suzuki,Wagon R ZX,2026,Brand New,Automatic,Hybrid,650,0,9500000
Honda,Vezel,2026,Brand New,Automatic,Hybrid,1500,0,19775000
Nissan,Dayz,2024,Reconditioned,Automatic,Hybrid,650,2000,8800000
Mercedes Benz,C350,2015,Used,Tiptronic,Hybrid,1500,130000,20000000
Toyota,CHR,2018,Used,Automatic,Petrol,1200,80000,14500000
Toyota,Corolla,1985,Used,Manual,Petrol,1500,200000,1450000
Mazda,Familia,1986,Used,Automatic,Petrol,1500,80000,1100000
Suzuki,Maruti,2006,Used,Manual,Petrol,800,95000,2100000
Toyota,Raize,2026,Brand New,Automatic,Petrol,1200,0,15490000
Audi,Q2,2017,Used,Tiptronic,Petrol,990,133300,12000000
Honda,CRV,2026,Brand New,Automatic,Petrol,1500,0,30990000
Toyota,Corolla,1986,Used,Manual,Petrol,1300,200000,1450000
Honda,Vezel,2025,Reconditioned,Automatic,Petrol,1490,13800,19150000
Toyota,Raize,2025,Reconditioned,Automatic,Hybrid,1200,5000,13790000
Land Rover,Defender,2008,Used,Manual,Diesel,2200,98000,27500000
Suzuki,Wagon R FX,2018,Used,Automatic,Petrol,650,112748,6750000
Toyota,Land Cruiser Prado,2017,Used,Automatic,Diesel,2800,95000,49500000
Toyota,Land Cruiser Prado,2011,Used,Automatic,Petrol,2700,89000,28750000
Toyota,Axio,2008,Used,Automatic,Petrol,1496,318425,8000000
Mitsubishi,Lancer,1988,Used,Manual,Petrol,1300,182380,1620000
Honda,Freed,2015,Used,Automatic,Petrol,1500,172000,11000000
Toyota,Axio,2016,Used,Automatic,Petrol,1500,185000,8400000
Toyota,Roomy,2025,Reconditioned,Automatic,Petrol,1000,8182,11850000
Honda,Civic,2018,Used,Automatic,Petrol,1000,143000,13900000
Honda,Vezel,2026,Brand New,Automatic,Hybrid,1500,0,19825000
Daihatsu,Mira,2025,Brand New,Automatic,Petrol,650,11,8090000
Toyota,Yaris,2022,Reconditioned,Automatic,Hybrid,1490,22000,12650000
Audi,A3,2024,Reconditioned,Tiptronic,Petrol,1000,4000,19000000
Daihatsu,Move,2025,Brand New,Automatic,Petrol,660,132,9150000
Nissan,Dayz,2025,Brand New,Automatic,Petrol,660,0,8350000
Daihatsu,Mira,2024,Reconditioned,Automatic,Petrol,660,8000,7395000
BYD,ATTO 3,2025,Used,Automatic,Electric,10,75000,14900000
Honda,Civic,2008,Used,Automatic,Hybrid,1300,225000,6500000
Honda,Vezel,2026,Brand New,Automatic,Hybrid,1500,1,19975000
Toyota,Vitz,2017,Used,Automatic,Petrol,1000,99580,8150000
Lexus,LX600,2025,Brand New,Automatic,Petrol,3500,0,135000000
Toyota,Raize,2025,Used,Automatic,Petrol,1000,7000,12200000
Toyota,Yaris,2024,Reconditioned,Automatic,Petrol,1000,7000,10250000
Toyota,Land Cruiser Prado,2011,Used,Manual,Diesel,3000,135000,25000000
Toyota,Vellfire,2024,Brand New,Automatic,Petrol,2500,0,57500000
DFSK,Glory,2021,Used,Automatic,Petrol,1500,46000,9250000
Toyota,Taisor,2026,Brand New,Automatic,Hybrid,1000,0,11900000
Toyota,Premio,2017,Used,Automatic,Petrol,1500,128173,15200000
BMW,X5,2016,Used,Automatic,Petrol,2000,71000,19500000
Suzuki,Every,2023,Import,Automatic,Petrol,660,4500,7690000
Toyota,Axio,2014,Used,Automatic,Hybrid,1500,135000,9400000
Nissan,Dayz,2023,Brand New,Automatic,Petrol,650,5000,7900000
Nissan,Sunny,1998,Used,Manual,Petrol,1500,225565,2400000
Toyota,Yaris,2025,Brand New,Automatic,Petrol,1500,0,18250000
Honda,Vezel,2026,Brand New,Automatic,Hybrid,1500,0,19200000
Toyota,Roomy,2024,Used,Automatic,Petrol,1000,6800,10750000
Mitsubishi,Attrage,2021,Used,Automatic,Petrol,1200,71000,8000000
Honda,Vezel,2026,Brand New,Automatic,Petrol,1500,0,19200000
Land Rover,Range Rover Evoque,2024,Brand New,Automatic,Petrol,1500,0,47850000
Honda,Vezel,2026,Import,Automatic,Hybrid,1498,3,20900000
Nissan,Magnite,2026,Import,Automatic,Petrol,1000,0,8300000
Toyota,Pixis,2023,Import,Automatic,Petrol,660,13900,7690000
Toyota,Hyryder,2026,Import,Automatic,Hybrid,1500,0,16000000
Honda,Vezel,2016,Used,Automatic,Hybrid,1499,42458,11000000
Honda,Vezel,2026,Brand New,Automatic,Petrol,1500,0,21350000
Honda,Fit,2013,Used,Automatic,Hybrid,1500,219000,8000000
Nissan,Dayz,2023,Brand New,Automatic,Petrol,650,9500,7500000
Honda,Vezel,2017,Used,Automatic,Hybrid,1500,40000,13200000
Honda,Vezel,2025,Brand New,Tiptronic,Hybrid,1500,0,19300000
Toyota,UrbanCruiser Hyryder,2026,Reconditioned,5-Speed Manual,Hybrid,1500,1,17450000
Hyundai,Venue,2026,Import,Automatic,Petrol,1000,0,11300000
Nissan,Dayz,2023,Import,Automatic,Petrol,660,47300,7590000
Suzuki,Swift,2023,Brand New,Automatic,Petrol,1200,0,12900000
BYD,Sealion 6,2024,Used,Automatic,Petrol,1500,10000,20250000
Suzuki,Wagon R,2026,Brand New,Automatic,Petrol,660,0,8390000
DFSK,Glory,2021,Used,Tiptronic,Petrol,1500,29000,10800000
Kia,Syros,2026,Import,Automatic,Petrol,1000,0,11800000
Suzuki,Alto,2023,Import,Automatic,Hybrid,660,11500,7890000
Mercedes Benz,C220,2012,Used,Automatic,Diesel,2143,170000,12000000
Hyundai,Venue,2026,Brand New,Automatic,Petrol,1000,0,13500000
Honda,N-Box,2025,Brand New,Automatic,Petrol,660,0,9450000
Honda,Vezel,2024,Brand New,Automatic,Petrol,1500,0,19500000
Hyundai,Venue,2026,Brand New,Automatic,Petrol,998,0,14350000
Mercedes Benz,C200,2019,Used,Automatic,Petrol,1500,84000,24950000
Honda,N-Box,2024,Reconditioned,Automatic,Petrol,660,5800,8990000
Mitsubishi,L200,2001,Used,Manual,Diesel,2500,220000,6700000
Kia,Sonet,2026,Import,Automatic,Petrol,1000,0,10800000
Toyota,Raize,2020,Used,Automatic,Petrol,1000,81000,11090000
Audi,Q7 S Line  Quattro,2025,Brand New,Automatic,Petrol,2000,0,73500000
Toyota,Raize,2026,Brand New,Automatic,Hybrid,1200,0,15500000
Land Rover,Freelander 2,2013,Used,Automatic,Diesel,2200,204000,10500000
Land Rover,Range Rover Autobiography LWB,2018,Used,Automatic,Petrol,2000,75000,62000000
Mini,MINI Cooper Clubman,2017,Used,Automatic,Petrol,1500,52000,14500000
Toyota,RAV4,2015,Used,Automatic,Petrol,2400,93000,12750000
Audi,A4,2018,Used,Automatic,Petrol,1400,60000,19500000
Toyota,:Raize,: 2025,New,:Automatic,Petrol,1000,0,13475000
Honda,Vezel,2026,Brand New,Automatic,Petrol,1500,0,21350000
Toyota,Taisor,2026,Import,Automatic,Hybrid,1000,0,11450000
Nissan,Qashqai,2018,Used,Automatic,Petrol,1200,51000,13000000
Honda,Vezel,2026,Brand New,Automatic,Hybrid,1500,0,20200000
Nissan,Roox,2023,Reconditioned,Automatic,Hybrid,650,5000,9850000
Kia,Sonet,2026,Brand New,Automatic,Petrol,1000,0,12350000
Honda,WR-V,2025,Used,Tiptronic,Petrol,1500,4200,16300000
Toyota,Land Cruiser Prado,2011 / 12,Used,Automatic,Petrol 2.7L,2700,160000,28500000
Suzuki,Fronx,2026,Import,Automatic,Hybrid,1000,0,11250000
Honda,Vezel,2026,Brand New,Automatic,Petrol,1500,0,19900000
Toyota,Corolla,2007,Used,Automatic,Petrol,1500,184500,6650000
Toyota,Corolla,2014,Used,Automatic,Petrol,1600,30000,11750000
Audi,Q7,2016,Used,Automatic,Petrol,2000,150000,28500000
Suzuki,Celerio,2014,Used,Automatic,Petrol,1000,121000,5200000
Audi,Q2,2017,Used,Automatic,Petrol,1000,68000,11750000
Suzuki,Celerio,2015,Used,Manual,Petrol,1000,160000,4485000
Mitsubishi,Montero,2017,Used,Automatic,Diesel,2400,180000,23900000
Austin,7,1939,Used,Manual,Petrol,800,0,6500000
Toyota,Hilux,2026,Brand New,Manual,Diesel,2800,0,15500000
Toyota,Hilux,2011,Used,Manual,Diesel,2500,206229,11000000
Honda,Vezel,2026,Brand New,Automatic,Hybrid,1500,0,19300000
Toyota,Other Model,2026,Import,Automatic,Diesel,2800,0,28500000
Daihatsu,Mira,2023,Import,Automatic,Petrol,660,12250,6890000
Austin,7,1929,Used,Manual,Petrol,800,0,7500000
Honda,Vezel,2025,Reconditioned,Tiptronic,Hybrid,1500,2000,18800000
BMW,740Le,2018,Used,Automatic,Petrol,2000,80000,42500000
Honda,Civic,2008,Used,Automatic,Petrol,1800,120000,8500000
Toyota,Raize,2026,Brand New,Automatic,Hybrid,1200,0,14550000
Toyota,Raize,2026,Brand New,Automatic,Hybrid,1200,0,15500000
Suzuki,XBee,2024,Brand New,Automatic,Hybrid,1000,0,10890000
Honda,Vezel,2026,Brand New,Automatic,Hybrid,1490,20,19990000
Honda,Vezel,2023,Reconditioned,Tiptronic,Hybrid,1500,14000,18300000
Toyota,Raize,2026,Brand New,Automatic,Hybrid,1200,0,14550000
Mercedes Benz,C180,2011,Used,Automatic,Petrol,1800,167000,11750000
Honda,WR-V,2025,Used,Tiptronic,Petrol,1500,4200,16300000
Lexus,LBX,2024,Brand New,Automatic,Hybrid,1500,3000,25350000
Nissan,Dayz,2023,Used,Automatic,Hybrid,660,12000,7850000
Toyota,Aqua,2015,Used,Automatic,Hybrid,1496,180000,8850000
Toyota,Hilux,2025,Brand New,Automatic,Diesel,2800,0,26900000
Honda,Vezel,2026,Brand New,Automatic,Hybrid,1500,0,20075000
Toyota,Caldina,1987,Used,Manual,Petrol,1450,149920,1300000
Mercedes Benz,E350,2025,Brand New,Automatic,Hybrid,2000,0,67000000
Toyota,Corolla,1999,Used,Manual,Petrol,1500,198298,4650000
Perodua,Bezza,2018,Used,Automatic,Petrol,1300,145000,6990000
Honda,Vezel,2026,Brand New,Automatic,Hybrid,1500,0,19800000
Daihatsu,Mira,2025,Brand New,Automatic,Petrol,660,0,7290000
Toyota,Raize,2026,Brand New,Tiptronic,Hybrid,1200,0,14975000
Toyota,Raize,2026,Brand New,Tiptronic,Hybrid,1200,0,15295000
Nissan,Serena,2025,Brand New,Automatic,Hybrid,1430,100,24250000
Toyota,Toyota RAV4 Hybrid Z Grade,2026,Brand New (0 KM),e-CVT Automatic,Hybrid,2500,0,49500000
Suzuki,Alto,2003,Used,Automatic,Petrol,660,100000,3790000
Daihatsu,Taft,2024,Reconditioned,Automatic,Petrol,660,11000,8975000
BMW,520i,2005,Used,Automatic,Petrol,2000,53000,11500000
Daihatsu,Mira,2026,Brand New,Automatic,Petrol,660,0,8200000
Toyota,Raize,2025,Reconditioned,Automatic,Petrol,1200,4000,14250000
BYD,Seal,2024,Brand New,Automatic,Electric,150,200,24500000
Peugeot,5008,2025,Brand New,Automatic,Hybrid,1290,20,36850000
Nissan,Roox,2025,Reconditioned,Automatic,Petrol,660,1000,9950000
Mazda,Flair,2024,Reconditioned,Automatic,Hybrid,660,8000,9150000
Daihatsu,Taft,2024,Reconditioned,Automatic,Petrol,660,32000,8975000
Honda,WR-V,2025,Used,Tiptronic,Petrol,1500,4200,16300000
Toyota,Raize,2025,Reconditioned,Automatic,Hybrid,1200,5000,13790000
Nissan,Serena,2025,Brand New,Automatic,Hybrid,1430,100,24250000
Toyota,Toyota RAV4 Hybrid Z Grade,2026,Brand New (0 KM),e-CVT Automatic,Hybrid,2500,0,49500000
Suzuki,Alto,2003,Used,Automatic,Petrol,660,100000,3790000
Daihatsu,Taft,2024,Reconditioned,Automatic,Petrol,660,11000,8975000
BMW,520i,2005,Used,Automatic,Petrol,2000,53000,11500000
Daihatsu,Mira,2026,Brand New,Automatic,Petrol,660,0,8200000
Toyota,Raize,2025,Reconditioned,Automatic,Petrol,1200,4000,14250000
BYD,Seal,2024,Brand New,Automatic,Electric,150,200,24500000
Peugeot,5008,2025,Brand New,Automatic,Hybrid,1290,20,36850000
Nissan,Roox,2025,Reconditioned,Automatic,Petrol,660,1000,9950000
Mazda,Flair,2024,Reconditioned,Automatic,Hybrid,660,8000,9150000
Daihatsu,Taft,2024,Reconditioned,Automatic,Petrol,660,32000,8975000
Nissan,Dayz,2023,Import,Automatic,Petrol,660,19000,7850000
Audi,Q5,2011,Used,Automatic,Petrol,2000,87500,12790000
Daihatsu,Taft,2025,Brand New,Automatic,Petrol,660,0,8950000
Daihatsu,Move,2025,Brand New,Automatic,Petrol,660,5000,9890000
Mitsubishi,eK Space,2024,Reconditioned,Automatic,Petrol,660,4000,8450000
Toyota,Alphard,2024,Reconditioned,Automatic,Hybrid,2500,100,68750000
Mitsubishi,Xpander,2020,Used,Automatic,Petrol,1499,126000,13350000
Land Rover,Range Rover Velar,2018,Used,Automatic,Petrol,2000,45000,42950000
Honda,Vezel,2026,Brand New,Automatic,Hybrid,1498,7,20800000
Chery,QQ,2011,Used,Manual,Petrol,800,107800,1980000
Suzuki,Fronx,2026,Brand New,Automatic,Petrol,1000,38,11650000
Toyota,Hilux,2026,Brand New,Automatic,Diesel,2800,26,31300000
BMW,X3,2012,Used,Automatic,Diesel,1995,71000,14500000
Toyota,Raize,2025,Used,Automatic,Hybrid,1200,1805,14700000
Suzuki,Wagon R,2016,Used,Automatic,Hybrid,650,65000,6200000
Honda,Fit,2013,Used,Automatic,Hybrid,1330,218581,6800000
Toyota,Raize,2025,Brand New,Automatic,Hybrid,1200,0,14600000
Toyota,Yaris Cross,2023,Reconditioned,Automatic,Hybrid,1500,1700,16450000
Toyota,Yaris Cross,2022,Reconditioned,Automatic,Hybrid,1500,28060,16200000
Mitsubishi,Delica,2024,Import,Automatic,Petrol,659,13242,9350000
Daihatsu,Mira,2025,Brand New,Automatic,Petrol,660,162,7950000
Peugeot,3008,2018,Used,Automatic,Petrol,1199,36000,13000000
Honda,Vezel,2026,Brand New,Automatic,Hybrid,1490,5,19700000
Tata,Indica,2006,Used,Manual,Petrol,1400,135000,1950000
Mitsubishi,Xpander,2019,Used,Automatic,Petrol,1500,79000,12900000
Mitsubishi,L200,2025,Used,Automatic,Diesel,2500,5000,25000000
Nissan,Sunny,1999,Used,Automatic,Diesel,1900,30000,3200000
Toyota,Raize,2025,Used,Automatic,Petrol,1000,9600,11650000
Jeep,Other Model,1980,Used,Manual,Diesel,2659,100000,3500000
Toyota,Voxy,2025,Import,Automatic,Hybrid,1800,0,31000000
Honda,Vezel,2026,Import,Automatic,Hybrid,1500,0,20600000
Lexus,LX600,2026,Import,Tiptronic,Hybrid,3500,0,143000000
Daihatsu,Taft,2025,Brand New,Automatic,Petrol,660,0,8800000
Nissan,B11,1985,Used,Manual,Petrol,1500,300000,1675000
Subaru,Forester,2002,Used,Manual,Petrol,2000,207000,7350000
Toyota,Raize,2024,Used,Automatic,Hybrid,1200,10000,13700000
Toyota,Vitz,2015,Used,Automatic,Petrol,990,100704,7100000
Audi,A6,2013,Used,Automatic,Diesel,2000,191000,15400000
Mitsubishi,Galant,1985,Used,Manual,Petrol,1400,102500,900000
Nissan,Dayz,2026,Import,Automatic,Petrol,660,0,7900000
BMW,225XE,2017,Used,Automatic,Hybrid,1500,122741,11500000
Mitsubishi,Montero,2013,Used,Automatic,Diesel,3200,75000,26850000
Toyota,Land Cruiser Prado,2006,Used,Manual,Petrol,2700,100000,13800000
Perodua,Axia,2019,Used,Automatic,Petrol,1000,91100,6700000
Honda,Fit,2014,Used,Automatic,Hybrid,1500,152000,8450000
Ford,Laser,1999,Used,Manual,Petrol,1500,226800,2650000
Toyota,Premio,2018,Used,Automatic,Petrol,1500,176000,16500000
Mitsubishi,Montero,2013,Used,Automatic,Diesel,3200,155000,22000000
Toyota,Prius,2008,Used,Automatic,Hybrid,1500,140000,6850000
Toyota,Starlet,1997,Used,Automatic,Diesel,1500,164000,4500000
Toyota,Axio,2014,Used,Automatic,Hybrid,1496,236000,9600000
Honda,Vezel,2026,Brand New,Automatic,Petrol,1500,0,17350000
Kia,Sonet,2026,Brand New,Automatic,Petrol,1000,0,12600000
Honda,Vezel,2026,Brand New,Automatic,Hybrid,1500,0,19495000
BMW,318i Luxury Line,2018,Used,Automatic,Petrol,1500,57000,21500000
Micro,Panda Cross,2015,Used,Manual,Petrol,1300,73000,4100000
Nissan,Roox,2024,Reconditioned,Automatic,Hybrid,660,29500,7850000
Mahindra,Scorpio,2013,Used,Manual,Diesel,2200,214000,4850000
Suzuki,Wagon R ZX,2026,Brand New,Automatic,Hybrid,660,0,9575000
Daihatsu,Taft,2025,Used,Automatic,Petrol,660,18200,8525000
Suzuki,Alto,2016,Used,Manual,Petrol,800,73000,4225000
Toyota,Yaris,2025,Brand New,Automatic,Petrol,1000,7000,11650000
Toyota,Raize,2023,Used,Automatic,Petrol,1200,26000,14000000
Subaru,STI,2006,Used,Manual,Petrol,2000,98000,13500000
Subaru,STI,2009,Used,Manual,Petrol,2000,94000,16500000
Toyota,Land Cruiser Sahara,2013,Used,Automatic,Diesel,4500,172000,48700000
Toyota,Taisor,2026,Brand New,Automatic,Hybrid,1000,0,11900000
Suzuki,Wagon R FX,2025,Reconditioned,Automatic,Petrol,660,10600,8375000
Suzuki,Wagon R ZX,2026,Brand New,Automatic,Hybrid,660,0,9575000
Toyota,Yaris,2024,Brand New,Automatic,Petrol,1000,55000,9275000
BMW,740Le,2017,Used,Automatic,Petrol,2000,50000,39800000
Suzuki,Wagon R ZX,2026,Brand New,Automatic,Hybrid,660,0,9575000
Mercedes Benz,E300,2015,Used,Tiptronic,Diesel,2100,63000,18950000
Suzuki,Wagon R FX,2025,Reconditioned,Automatic,Petrol,660,4500,8375000
Suzuki,Wagon R FX,2025,Reconditioned,Automatic,Petrol,660,4500,8375000
Volvo,S60,2016,Used,"Automatic Edition: T6 AWD Drive-Engine Performance: 316 HP, 400 Nm, 8-speed automatic gearbox (7,000 RPM) Acceleration: 0 - 100 km/h in 5.6 seconds (Top speed: 250 km/h)",Petrol,2000,31000,15900000
Toyota,Vanguard,2010,Used,Automatic,Petrol,2400,138000,9800000
Mini,Cooper,1968,Used,Manual,Petrol,1300,45000,2900000
Suzuki,Alto,2008,Used,Automatic,Petrol,660,140000,4275000
Toyota,Harrier,2014,Used,Automatic,Hybrid,2500,180000,19500000
Toyota,Vitz,2018,Used,Automatic,Petrol,1000,51000,8150000
Honda,Vezel,2026,Brand New,Automatic,Petrol,1500,0,19450000
Suzuki,Swift,2010,Used,Manual,Petrol,1300,210000,5875000
Audi,Q3,2023,Used,Tiptronic,Petrol,1500,15000,27000000
Maruti Suzuki,800,2007,Used,Manual,Petrol,800,70500,2380000
Land Rover,Defender,2026,Brand New,Tiptronic,Hybrid,2000,0,82000000
BMW,X1,2025,Used,Tiptronic,Petrol,1500,5000,34250000
BMW,i3,2015,Used,Automatic,Electric,75,45000,6375000
Honda,Vezel,2026,Brand New,Tiptronic,Hybrid,1500,0,19500000
Honda,Vezel,2026,Brand New,Tiptronic,Hybrid,1500,0,21000000
Mitsubishi,Montero,2001,â 100% Accident-Free,Automatic,Diesel,3200,196000,14800000
Toyota,Vitz,2017,Used,Automatic,Petrol,1000,74000,8200000
Volkswagen,T-Cross,2023,Used,Tiptronic,Petrol,1000,19000,12750000
Toyota,Corolla,1991,Used,Manual,Petrol,1290,294754,1875000
Toyota,CHR,2019,Used,Automatic,Petrol,1200,41000,15650000
Toyota,Taisor,2026,Brand New,Automatic,Hybrid,1000,0,11850000
Toyota,Aqua,2014,Used,Automatic,Hybrid,1500,131451,8290000
Honda,Vezel,2025,Used,Automatic,Hybrid,1500,19000,18350000
Toyota,Corolla,2008,Used,Automatic,Petrol,1587,186000,6675000
Toyota,Vios,2004,Used,Manual,Petrol,1500,163000,4675000
Daihatsu,Taft,2025,Reconditioned,CVT Automatic,Petrol,660,2300,8700000
Toyota,Corolla,1984,Used,Manual,Petrol,1500,1000000,1350000
Audi,A3,2015,Used,Automatic,Petrol,1800,65000,13500000
Toyota,Roomy,2023,Reconditioned,Automatic,Petrol,990,20000,10390000
Toyota,Roomy,2025,Import,Automatic,Petrol,1000,9000,10800000
Toyota,Raize,2025,Import,Automatic,Petrol,1000,5000,12900000
Mitsubishi,Lancer,1985,Used,Manual,Petrol,1500,150000,1380000
Hyundai,Tucson,2012,Used,Automatic,Diesel,1995,96000,8500000
Mitsubishi,Outlander,2015,Used,Automatic,Hybrid,1990,101200,12950000
Suzuki,Wagon R FZ,2018,Used,Automatic,Petrol,650,120000,6900000
Toyota,Corolla,1996,Used,Automatic,Petrol,1500,220000,3625000
Mazda,Familia,1987,Used,Manual,Petrol,1320,52100,2150000
Audi,A3,2023,Excellent / Like Brand New,Automatic,Petrol,1000,2000,19750000
Toyota,CHR,2018,Reconditioned,Automatic,Petrol,1200,128000,14250000
Audi,A3,2025,Reconditioned,Automatic,Petrol,1000,8000,19850000
Toyota,Raize,2026,Brand New,Automatic,Petrol,1000,0,13600000
Daihatsu,Move,2024,Reconditioned,Automatic,Petrol,660,8500,8950000
Honda,Other Model,2024,Reconditioned,Automatic,Petrol,660,6000,9490000
Audi,Q2,2018,Used,Automatic,Petrol,1000,80000,12950000
Mitsubishi,Outlander,2015,Used,Automatic,Hybrid,2000,100000,13800000
Honda,N-Box,2024,Reconditioned,Automatic,Petrol,660,8500,8950000
Toyota,Allion,2007,Used,Automatic,Petrol,1500,120000,8850000
Suzuki,S-Cross,2017,Used,Tiptronic,Petrol,1000,79664,10200000
Suzuki,Wagon R,2025,Reconditioned,Automatic,Petrol,660,8400,7750000
Mitsubishi,ASX,2014,Used,Automatic,Petrol,2000,160000,8490000
Mercedes Benz,GLB,2025,Brand New,Automatic,Petrol,1300,0,39000000
Honda,City,2001,Used,Automatic,Petrol,1500,159000,4450000
Suzuki,Spacia Hybrid X,2024,Reconditioned,Automatic,Hybrid (Petrol),660,2900,8800000
Toyota,Yaris Cross,2026,Import,Automatic,Hybrid,1500,0,24700000
Suzuki,Wagon R,2024,Brand New,Automatic,Hybrid,660,1800,8500000
Nissan,Sunny,1987,Used,Manual,Petrol,1300,100000,1675000
Toyota,Passo,2016,Used,Automatic,Petrol,998,79980,7090000
Suzuki,Fronx,2026,Brand New,Automatic,Petrol,1000,0,11000000
Mazda,CX-5,2013,Used,Automatic,Petrol,2000,174000,10575000
Suzuki,Wagon R FX,2017,Used,Automatic,Hybrid,650,83000,6450000
Suzuki,Wagon R,2026,Brand New,Automatic,Hybrid,660,0,9300000
Toyota,Aqua,2012,Used,Automatic,Hybrid,1490,143000,7600000
Toyota,Taisor,2026,Brand New,Automatic,Petrol,1000,0,11700000
Honda,Vezel,2015,Used,Automatic,Hybrid,1500,120000,9800000
Audi,A3,2024,Import,Automatic,Hybrid,1000,13500,16500000
Toyota,Raize,2026,Reconditioned,Automatic,Hybrid,1200,8,15100000
Nissan,Navara,2008,Used,Manual,Diesel,2500,157999,5700000
Toyota,Toyota Yaris G LED,2026,Brand New (0 KM),CVT Automatic,Petrol,1000,0,11500000
Honda,Civic,1985,Used,Manual,Petrol,1500,110000,1575000
Mercedes Benz,GLA 200,2015,Used,Automatic,Petrol,1599,145000,14500000
Suzuki,Celerio,2016,Used,Automatic,Petrol,1000,85000,5575000
Nissan,X-Trail,2016,Used,Automatic,Hybrid,2000,198000,9400000
Mitsubishi,Lancer,1985,Used,Manual,Petrol,1500,344400,850000
Suzuki,Celerio,2015,Used,Automatic,Petrol,998,82293,5525000
Audi,Audi Q3 Sportback 35 TFSI S line,2025,Brand New / High Grade Japan Unit,7-Speed S tronic Automatic,Petrol,1500,5000,31000000
Suzuki,Wagon R,2024,Reconditioned,Automatic,Hybrid,650,30000,8675000
Nissan,Bluebird,2011,Used,Automatic,Petrol,1500,171063,7500000
Nissan,Roox,2024,Reconditioned,Automatic,Hybrid,658,28000,8950000
Perodua,Axia,2019,Used,Automatic,Petrol,1000,91100,6700000
Suzuki,Wagon R,2026,Brand New,Automatic,Petrol,660,0,8600000
Nissan,Cefiro,2004,Used,Automatic,Petrol,2400,159000,5500000
Kia,Sorento,2015,Used,Automatic,Diesel,2200,125000,17000000
Honda,Vezel,2023,Import,Automatic,Hybrid,1500,24500,17350000
Toyota,Raize,2025,Used,Automatic,Hybrid,1200,10000,14500000
Toyota,Camry,2013,Used,Automatic,Hybrid,2494,120000,16900000
Toyota,Aqua,2015,Used,Automatic,Hybrid,1496,146000,8650000
Toyota,Vitz,2019,Used,Automatic,Petrol,1000,81000,9085000
Audi,Q5,2015,Used,Automatic,Petrol,2000,79800,19500000
Suzuki,Estilo,2011,Used,Manual,Petrol,1000,41464,4300000
Honda,Vezel,2026,Brand New,Automatic,Hybrid,1500,0,21800000
Nissan,Dayz,2024,Used,Automatic,Petrol,650,3000,9100000
Toyota,Land Cruiser Prado,2025,Import,Automatic,Petrol,3500,10000,93800000
Suzuki,Wagon R,2024,Used,Automatic,Petrol,650,12000,8875000
Perodua,Viva Elite,2011,Used,Manual,Petrol,1000,118000,4000000
Toyota,Hilux,2010,Used,Manual,Diesel,2494,185000,13000000
Toyota,Raize,2024,Reconditioned,Automatic,Petrol,1200,19000,12495000
Toyota,Taisor,2026,Brand New,Automatic,Petrol,1000,0,11950000
Nissan,X-Trail,2003,Used,Manual,Petrol,2488,235955,6500000
Toyota,Taisor,2026,Brand New,Automatic,Petrol,1000,0,11950000
Honda,Vezel,2025,Brand New,Automatic,Hybrid,1500,0,19000000
Toyota,Raize,2025,Brand New,Automatic,Hybrid,1200,0,14090000
Mitsubishi,eK Wagon,2025,Brand New,Automatic,Petrol,650,0,7390000
Toyota,Raize,2026,Brand New,Automatic,Hybrid,1200,0,14750000
Suzuki,Fronx,2026,Brand New,Automatic,Petrol,1000,80,11700000
Toyota,Raize,2026,Brand New,Automatic,Hybrid,1200,0,15650000
Daihatsu,Mira,2025,Reconditioned,Automatic,Petrol,660,4200,6995000
Audi,Q5,2011,Used,Automatic,Petrol,2000,190000,11500000
Nissan,Dayz,2026,Brand New,Automatic,Hybrid,660,1900,8795000
Toyota,Yaris,2026,Brand New,Automatic,Petrol,1000,0,11250000
Nissan,Dayz,2025,Reconditioned,Automatic,Hybrid,660,1200,9000000
Suzuki,Wagon R ZX,2026,Brand New,Automatic,Petrol,650,200,9575000
Toyota,Passo,2023,Reconditioned,Automatic,Petrol,1000,5000,9450000
Honda,Vezel,2024,Reconditioned,Automatic,Petrol,1500,16000,19275000
Daihatsu,Hijet,2024,Reconditioned,Automatic,Petrol,660,18500,6950000
Honda,Vezel,2024,Import,Automatic,Hybrid,1500,30000,18350000
Toyota,Vios,2004,Used,Automatic,Petrol,1500,170000,5700000
Toyota,Wigo,2017,- Excellent body condition,Automatic,Petrol,998,81800,6400000
Toyota,Roomy,2023,Reconditioned,Automatic,Petrol,996,30000,9300000
Suzuki,Every,2025,Import,Automatic,Petrol,660,9500,9350000
Mitsubishi,Montero,2000,Used,Automatic,Petrol,3490,109000,12500000
Daihatsu,Taft,2024,Brand New,Automatic,Petrol,660,2500,8250000
Toyota,Taisor V,2026,Brand New,Automatic,Petrol,1000,0,11950000
Toyota,Roomy,2023,Reconditioned,Automatic,Petrol,1000,24500,8675000
Daihatsu,Rocky,2026,Brand New,Automatic,Hybrid,1200,0,14200000
Toyota,Starlet,1988,Used,Manual,Diesel,1450,500000,1800000
Daihatsu,Hijet,2025,Reconditioned,Automatic,Petrol,650,2500,7900000
Toyota,Raize,2023,Import,Automatic,Petrol,1000,25000,11200000
Suzuki,Spacia,2024,Import,Automatic,Petrol,660,17650,7975000
Toyota,Taisor V,2026,Brand New,Automatic,Petrol,1000,0,11950000
Toyota,Roomy,2023,Import,Automatic,Petrol,1000,28000,10350000
Suzuki,Wagon R ZX,2025,Reconditioned,Automatic,Hybrid,660,8000,9275000
Suzuki,Baleno,2018,Used,Automatic,Petrol,1000,80000,7600000
Honda,Vezel,2026,Brand New,Automatic,Petrol,1500,0,17350000
DFSK,Glory,2021,Used,Automatic,Petrol,1500,46000,9250000
Audi,A3,2023,Used,Tiptronic,Petrol,1000,33000,21000000
Mazda,Familia,1994,Used,Manual,Petrol,1320,173000,2150000
Suzuki,Spacia,2016,Reconditioned,Automatic,Hybrid,660,85000,6650000
BMW,520d,2013,Used,Automatic,Diesel,1995,123100,17900000
Toyota,Yaris Cross,2026,Brand New,Automatic,Hybrid,1500,0,18950000
Suzuki,Swift,1998,Used,Automatic,Petrol,1000,158689,2200000
Jeep,Wrangler,2016,Used,Tiptronic,Diesel,2800,68000,32900000
Nissan,Patrol,2016,Used,Manual,Diesel,3000,160000,26950000
Mercedes Benz,C350,2016,Used,Tiptronic,Petrol,2000,90000,16900000
Mercedes Benz,CLA 180,2016,Used,Tiptronic,Petrol,1590,108000,15575000
BMW,X5 M,2015,Used,Tiptronic,Diesel,2000,152000,24575000
Suzuki,Swift,2010,Used,Manual,Petrol,1298,125000,4300000
Mercedes Benz,C220,2013,Used,Automatic,Diesel,2143,77000,12850000
Mercedes Benz,GLE 300D,2019,Used,Tiptronic,Diesel,2000,137000,34500000
Land Rover,Discovery,2016,Used,Tiptronic,Diesel,3000,130000,29900000
Land Rover,Range Rover Evoque,2013,Used,Automatic,Diesel,2000,110000,21000000
Toyota,Raize,2023,Reconditioned,Automatic,Petrol,1000,16000,12490000
Honda,Fit,2015,Used,Automatic,Hybrid,1500,69000,9000000
BYD,ATTO 3,2025,Used,Automatic,Electric,150,11000,17000000
Micro,MX 7,2011,Used,Manual,Petrol,1500,196500,3450000
BMW,BMW 523i (F10),2011,â¢ Engine & gearbox 100%,Automatic,Petrol,2999,82000,18000000
Daihatsu,Mira,2025,Brand New,Automatic,Petrol,660,0,7990000
Toyota,Hilux,2024,Used,Automatic,Diesel,2800,17800,25500000
Toyota,Other Model,2026,Brand New,Automatic,Diesel,2800,0,31400000
Toyota,Yaris Cross,2025,Excellent / Brand New (specify as applicable),Automatic (CVT),Petrol + Plug-in Hybrid,1500,0,16200000
Toyota,Voxy,2014,Used,Automatic,Hybrid,1800,138553,16000000
Nissan,Dayz,2023,Reconditioned,Automatic,Petrol,660,20000,7585000
Mitsubishi,eK Wagon,2024,Reconditioned,Automatic,Petrol,660,3900,7450000
Toyota,Raize,2023,Brand New,Automatic,Petrol,1200,8000,13600000
MG,ZS,2019,Used,Automatic,Petrol,1000,60800,9000000
Toyota,RAV4,2003,Used,Automatic,Petrol,1990,190000,5600000
Daihatsu,Charade,1982,Used,Manual,Petrol,1000,139000,700000
Daihatsu,Mira,2025,Brand New,Automatic,Petrol,660,0,7650000
Mercedes Benz,EQB 250 Premium Plus,2022,Used,Automatic,Electric,140,3000,27500000
DFSK,Glory,2016,Used,Manual,Diesel,1200,106800,5000000
Toyota,Hilux,2025,Used,Automatic,Diesel,2800,150,27000000
Nissan,Dayz,2024,Reconditioned,Automatic,Petrol,658,14409,7850000
Micro,Voleex,2013,Used,Automatic,Petrol,1500,100000,3800000
Hyundai,Santafe,2012,Used,Automatic,Diesel,2200,169000,10500000
Toyota,Crown,1998,Used,Automatic,Diesel,2500,91000,10200000
Daihatsu,Mira,2024,Reconditioned,Automatic,Petrol,650,2100,7200000
Volvo,S60,2001,Used,Automatic,Petrol,2400,160000,4975000
Renault,KWID,2016,Used,Manual,Petrol,800,65000,3950000
Honda,CRV,2018,Used,Automatic,Petrol,1500,92000,16500000
Daihatsu,Mira,2025,Reconditioned,Automatic,Petrol,660,2000,7350000
Toyota,Axio,2007,Used,Automatic,Petrol,1500,190000,7300000
Land Rover,Range Rover Sport,2017,Used,Automatic,Petrol,3000,91000,38500000
Toyota,Starlet,1996,Used,Automatic,Petrol,1331,140151,3995000
Honda,Vezel,2023,Reconditioned,Automatic,Hybrid,1500,38000,17500000
Daihatsu,Mira,2025,Brand New,Automatic,Petrol,650,0,7250000
Honda,Civic,2018,Used,Automatic,Petrol,1000,10900,13750000
JAC,T9,2026,Brand New,Automatic,Diesel,2000,0,17500000
Honda,Fit,2012,Used,Automatic,Petrol,1300,165000,6700000
Toyota,Roomy,2023,Reconditioned,Automatic,Petrol,996,35000,8400000
Suzuki,Wagon R,2026,Brand New,Automatic,Hybrid,660,0,9300000
Mercedes Benz,C180,2010,Used,Automatic,Petrol,1597,89175,10300000
Audi,A3,2023,Used,Tiptronic,Petrol,1000,33000,21000000
Kia,Sportage,2011,Used,Automatic,Petrol,1988,124000,7975000
Daihatsu,Rocky,2024,Reconditioned,Automatic,Petrol,1000,9400,12285000
Toyota,Corolla,2023,Brand New,Automatic,Petrol,1500,9200,18450000
Daihatsu,Mira,2024,Brand New,Automatic,Petrol,650,3150,6895000
Daihatsu,Mira,2026,Brand New,Automatic,Petrol,650,0,8135000
Nissan,X-Trail,2015,Used,Automatic,Hybrid,2000,116800,8890000
Nissan,Tiida,2008,Used,Automatic,Petrol,1500,162000,5650000
Toyota,Vios,2007,Used,Automatic,Petrol,1500,135000,5775000
Daihatsu,Terios,2008,Used,Automatic,Petrol,1500,135000,6750000
BMW,318i,2018,Used,Automatic,Petrol,1490,108000,18500000
Toyota,Corolla,1990,Used,Manual,Petrol,1500,225000,2650000
Toyota,Premio,2017,Used,Automatic,Petrol,1500,70000,13950000
Land Rover,Range Rover Sport,2018,Reconditioned,Automatic,Diesel,2000,120000,36500000
Hyundai,Eon,2016,Used,Manual,Petrol,814,87731,4300000
Nissan,Sunny,1987,Used,Manual,Petrol,1500,327600,1700000
Micro,Panda,2015,Used,Manual,Petrol,1000,69000,3490000
Toyota,Vitz,2012,Used,Automatic,Petrol,1000,159000,6690000
Suzuki,Every,1998,Used,Manual,Petrol,650,316561,2550000
Micro,Panda Cross,2013,Used,Manual,Petrol,1300,155000,2975000
Kia,Sonet,2026,Brand New,Automatic,Petrol,1000,0,11350000
Toyota,Premio,2016,Used,Automatic,Petrol,1500,126000,14750000
MG,ZS,2026,Used,Automatic,Petrol,1000,2500,13400000
Land Rover,Defender,2012,Used,Manual,Diesel,2200,175000,31500000
Toyota,Roomy,2024,Reconditioned,Automatic,Petrol,996,7122,10975000
Toyota,Urban Cruiser,2026,Brand New,Automatic,Petrol,1000,0,11625000
Toyota,Raize,2026,Brand New,Automatic,Hybrid,1200,0,14550000
Mercedes Benz,C180,2011,Used,Automatic,Petrol,1800,167000,11750000
Volvo,S60,2016,Used,"Automatic Edition: T6 AWD Drive-Engine Performance: 316 HP, 400 Nm, 8-speed automatic gearbox (7,000 RPM) Acceleration: 0 - 100 km/h in 5.6 seconds (Top speed: 250 km/h)",Petrol,2000,31000,15900000
Toyota,Raize,2025,Brand New,Automatic,Hybrid,1200,0,14395000
Toyota,Raize,2024,Brandnew,Automatic,Hybrid,1200,15000,12950000
Nissan,Sunny,1983,Used,Manual,Petrol,1480,298027,680000
BMW,740Le,2016,Used,Automatic,Hybrid,2000,52000,39875000
Toyota,Hilux,2016,Reconditioned,Manual,Diesel,2400,519000,14900000
Toyota,Rush,2025,Reconditioned,Automatic,Petrol,1500,18000,15500000
Ssang Yong,Actyon,2007,Used,Automatic,Diesel,2000,240000,6000000
Toyota,Raize,2023,Reconditioned,Automatic,Petrol,1000,18000,11575000
Nissan,Bluebird,2010,Reconditioned,Automatic,Petrol,1500,153000,6800000
Mercedes Benz,Vito,2017,Used,Automatic,Diesel,2143,82000,30000000
Jeep,Grand Cherokee,2017,Used,Automatic,Petrol,2988,84000,25400000
Nissan,Dayz,2024,Reconditioned,Automatic,Hybrid,660,11000,8675000
Nissan,Dayz,2024,Reconditioned,Automatic,Hybrid,660,10000,8675000
Nissan,Dayz,2023,Reconditioned,Automatic,Petrol,660,15000,8275000
MG,ZS,2019,Used,Automatic,Petrol,1000,60000,9175000
Audi,A6,2013,Reconditioned,Automatic,Hybrid,2000,145000,13500000
Ford,Raptor Ranger,2020,Used,Automatic,Diesel,2000,95000,21500000
Honda,Vezel,2026,Brand New,Automatic,Hybrid,1500,0,20000000
Toyota,Taisor,2026,Brand New,Automatic,Petrol,1000,0,11900000
Toyota,Land Cruiser Prado,2014,Reconditioned,Automatic,Diesel,3000,176000,38500000
Mercedes Benz,E200,2025,Brand New,Automatic,Petrol,2000,0,66500000
Honda,Insight,2009,Used,Automatic,Hybrid,1300,173000,7090000
Toyota,Land Cruiser Prado,2003,Reconditioned,Manual,Petrol,2700,126000,13900000
Mitsubishi,Eclipse Cross,2020,Used,Tiptronic,Petrol,1500,62000,15800000
Ssang Yong,Kyron,2008,Used,Tiptronic,Diesel,2000,160000,5900000
Ford,Super Duty,2026,Import,Automatic,Diesel,3000,0,36990000
Toyota,Raize,2025,Reconditioned,Automatic,Hybrid,1200,5000,13790000
DFSK,Glory,2021,Used,Tiptronic,Petrol,1500,29000,10800000
MERCEDES BENZ,CLA 180,2019,used,Tiplronic,Petrol,1500,86000,16200000
Honda,Vezel,2019,Used,Automatic,Hybrid,1500,63850,14275000
Perodua,Axia,2016,Used,Automatic,Petrol,998,138000,5500000
Ford,Fiesta,2017,Used,Automatic,Petrol,1000,84000,6650000
MG,ZS,2018,Used,Automatic,Petrol,1000,97000,8500000
Toyota,Raize,2026,Brand New,Automatic,Hybrid,1200,0,14900000
Toyota,Premio,2008,Used,Automatic,Petrol,1800,134083,9550000
Suzuki,Wagon R Stingray,2024,Brand New,Automatic,Petrol,660,0,9500000
Toyota,Raize,2024,Reconditioned,Automatic,Hybrid,1190,34000,13700000
Kia,Sonet,2026,Brand New,Automatic,Petrol,1000,0,12395000
Toyota,Vitz,2016,Used,Automatic,Petrol,1000,87000,7450000
Nissan,Wingroad,1997,Used,Automatic,Diesel,1970,236600,2700000
Suzuki,Wagon R,2026,Brand New,Automatic,Hybrid,650,0,9600000
Toyota,Aqua,2015,Used,Automatic,Hybrid,1496,103000,8800000
Toyota,Raize,2025,Used,Automatic,Petrol,1000,19000,12490000
Toyota,Axio,2008,Used,Automatic,Petrol,1500,176670,7295000
Audi,Q5,2015,Used,Automatic,Petrol,2000,68665,17995000
Toyota,Wigo,2017,Used,Automatic,Petrol,1000,55793,6500000
Hyundai,Accent,2001,Used,Manual,Petrol,1341,210000,2900000
Isuzu,Other Model,1995,Used,Manual,Diesel,2800,300000,50000000
Honda,Vezel,2026,Brand New,Automatic,Hybrid,1490,0,20500000
Mitsubishi,Montero,2008,Used,Manual,Diesel,2500,160000,10300000
Suzuki,Wagon R,2025,Brand New,Automatic,Hybrid,660,0,9390000
Nissan,Wingroad,1997,Used,Automatic,Diesel,2000,140000,2400000
Mitsubishi,EK Custom,2023,Reconditioned,Automatic,Hybrid,660,5700,8775000
Toyota,Raize,2025,Brand New,Automatic,Hybrid,1200,0,14500000
Toyota,Hilux,2004,Used,Manual,Diesel,2446,300000,5800000
Honda,Vezel,2026,Import,Automatic,Hybrid,1500,20,19178000
Honda,Vezel,2025,Used,Automatic,Hybrid,1500,9500,18500000
Honda,Fit Shuttle,2014,Used,Automatic,Hybrid,1320,177000,8975000
Mitsubishi,Montero,2016,Used,Automatic,Diesel,2500,124000,15500000
Daihatsu,Mira,2025,Brand New,Automatic,Petrol,650,11000,7250000
Toyota,Allion,2006,Used,Automatic,Petrol,1500,197000,8200000
Honda,Vezel,2025,Brand New,Automatic,Electric,1500,0,19500000
Toyota,Taisor,2026,Brand New,Automatic,Petrol,1000,0,11850000
Toyota,Prius,2008,Used,Automatic,Hybrid,1500,177534,6850000
Daihatsu,Mira,2024,Reconditioned,Automatic,Petrol,650,3750,6975000
Nissan,Dayz,2024,Import,Automatic,Hybrid,660,35000,7400000
Mazda,Other Model,2024,Reconditioned,Automatic,Petrol,650,23000,7500000
Honda,Vezel,2026,Brand New,Automatic,Petrol,1500,0,19475000
Toyota,Axio,2015,Used,Automatic,Hybrid,1490,181000,10600000
Honda,N-WGN,2024,Reconditioned,Automatic,Petrol,660,10000,7500000
Honda,Vezel,2025,Brand New,Automatic,Hybrid,1500,1000,17500000
Mitsubishi,eK Wagon,2024,Import,Automatic,Petrol,660,10000,7000000
Toyota,Aqua,2024,Reconditioned,Automatic,Hybrid,1500,20000,14500000
Toyota,Raize,2025,Brand New,Automatic,Hybrid,1200,100,14500000
Honda,Vezel,2025,Brand New,Automatic,Hybrid,1500,100,18500000
Toyota,Axio,2024,Reconditioned,Automatic,Hybrid,1500,15000,14750000
Nissan,Dayz,2024,Import,Automatic,Hybrid,660,10000,8000000
Suzuki,Wagon R FX,2024,Reconditioned,Automatic,Hybrid,660,10000,7500000
Toyota,Land Cruiser Prado,2024,Import,Automatic,Petrol,2700,10000,55500000
Nissan,ROOX HIGHWAY STAR X,2024,Import,Automatic,Hybrid,660,17500,8000000
Daihatsu,Tanto,2024,Import,Automatic,Petrol,660,5000,8000000
Honda,Vezel,2025,Brand New,Automatic,Hybrid,1500,100,20350000
Honda,Vezel,2014,Used,Automatic,Petrol,1500,138000,8900000
Toyota,Hilux,2026,Import,Automatic,Diesel,2800,20,28450000
Honda,N-WGN,2024,Import,Automatic,Petrol,660,15000,8000000
Suzuki,Spacia,2024,Import,Automatic,Hybrid,660,5000,9250000
Daihatsu,Mira,2024,Import,Automatic,Petrol,660,5000,6500000
Suzuki,Alto,2024,Import,Automatic,Hybrid,660,5000,6500000
Honda,N-Box,2024,Import,Automatic,Petrol,660,10000,8500000
Toyota,Land Cruiser Prado,2023,Reconditioned,Automatic,Petrol,2700,15000,50500000
Toyota,Yaris Cross,2023,Reconditioned,Automatic,Hybrid,1500,15000,16000000
Toyota,Roomy,2024,Import,Tiptronic,Petrol,1000,15000,11000000
Toyota,Yaris,2023,Import,Automatic,Petrol,1000,25000,10000000
Toyota,Yaris,2024,Import,Automatic,Petrol,1000,15000,9750000
Toyota,CHR,2017,Used,Automatic,Petrol,1200,98000,13200000
Kia,Sonet,2026,Brand New,Automatic,Petrol,1000,0,12490000
Daihatsu,Mira,2025,Brand New,Automatic,Petrol,650,1900,7695000
Toyota,Roomy,2023,Reconditioned,Automatic,Petrol,990,20000,9300000
Mitsubishi,eK Wagon,2025,Brand New,Automatic,Petrol,650,0,7590000
Mitsubishi,Montero,2012,Used,Automatic,Diesel,2500,160000,15000000
Toyota,Taisor,2026,Brand New,Automatic,Petrol,1000,0,11100000
Suzuki,Alto,2015,Used,Manual,Petrol,800,107000,4090000
Subaru,STI,2004,Used,Manual,Petrol,2000,152000,10500000
Kia,Sephia,2000,Used,Automatic,Petrol,1500,123456,2330000
Suzuki,Alto,2015,Used,Manual,Petrol,800,23700,4550000
Suzuki,Alto,2015,Used,Manual,Petrol,800,174000,4175000
Honda,Civic,2018,Used,Tiptronic,Petrol,1000,84000,13000000
Toyota,Raize,2025,Used,Automatic,Hybrid,1200,450,14300000
Suzuki,Wagon R,2026,Import,Automatic,Petrol,660,370,8525000
Honda,Vezel,2025,Used,Automatic,Hybrid,1500,19000,18350000
Suzuki,Wagon R,2025,Reconditioned,Automatic,Petrol,660,8400,7750000
DFSK,Glory 580,2021,Used,Automatic,Petrol,1500,88000,7300000
Daihatsu,Mira,2025,Brand New,Automatic,Petrol,650,0,7250000
Daihatsu,Mira,2026,Brand New,Automatic,Petrol,650,0,7250000
Daihatsu,Mira,2025,Brand New,Automatic,Petrol,650,0,7250000
Suzuki,Wagon R,2026,Brand New,Automatic,Hybrid,650,0,9650000
Honda,N-Box,2024,Reconditioned,Automatic,Petrol,660,13500,9490000
Toyota,Yaris,2023,Reconditioned,Automatic,Petrol,1000,25000,10690000
Daihatsu,Move,2025,Brand New,Automatic,Petrol,660,100,9890000
Suzuki,Celerio,2015,Used,Manual,Petrol,1000,95000,4675000
Kia,Sorento,2012,Used,Automatic,Diesel,2200,145000,8990000
Honda,Vezel,2026,Brand New,Automatic,Hybrid,1500,0,20800000
Toyota,GT86,2025,Brand New,Automatic,Petrol,2387,0,54900000
Toyota,Vios,2004,Used,Manual,Petrol,1500,251480,4975000
Suzuki,Wagon R,2026,Brand New,Automatic,Hybrid,650,8,9300000
Nissan,Tekna,2026,Brand New,Automatic,Petrol,1000,0,9490000
Honda,Vezel,2025,Brand New,Automatic,Hybrid,1500,0,18750000
Land Rover,Defender,2023,Reconditioned,Automatic,Petrol,2000,20000,67500000
Toyota,Raize,2026,Brand New,Automatic,Hybrid,1200,0,14650000
Toyota,Raize,2026,Brand New,Automatic,Hybrid,1200,0,14900000
Toyota,Raize,2026,Brand New,Automatic,Hybrid,1200,0,14650000
Suzuki,Spacia,2023,Used,Automatic,Petrol,660,25000,9350000
Honda,Vezel,2026,Brand New,Automatic,Hybrid,1500,0,19850000
Honda,Vezel,2026,Brand New,Automatic,Hybrid,1500,250,20850000
Daihatsu,Other Model,2017,Used,Automatic,Petrol,650,63987,6390000
Toyota,Premio,2013,Used,Automatic,Petrol,1500,138452,11650000
Suzuki,Wagon R,2024,Brand New,Automatic,Hybrid,660,1800,8500000
Honda,Vezel,2026,Brand New,Automatic,Petrol,1500,0,17350000
Volkswagen,Tiguan,2018,Used,Automatic,Petrol,1500,65800,17500000
Toyota,Taisor,2026,Brand New,Automatic,Petrol,1000,0,11750000
Toyota,CHR,2018,Used,Automatic,Petrol,1498,89950,13575000
Suzuki,Wagon R FX,2016,Used,Automatic,Hybrid,660,112000,6200000
Jeep,Grand Cherokee,2017,Reconditioned,Automatic,Petrol,3000,115000,24900000
Mercedes Benz,S400,2014,Used,Automatic,Petrol,3498,49000,39900000
Mercedes Benz,GLA 200,2016,Used,Automatic,Petrol,1599,105000,15900000
Daihatsu,Mira,2026,Brand New,Automatic,Petrol,650,0,7250000
Mercedes Benz,G Wagon,2026,Brand New,Automatic,Petrol,4000,0,240000000
Toyota,Raize,2025,Reconditioned,Automatic,Hybrid,1200,11000,13750000
Toyota,Aqua,2012,Used,Automatic,Hybrid,1500,139000,7650000
Honda,City,2025,Used,Automatic,Petrol,1000,8500,2025
Suzuki,Maruti,2004,Used,Manual,Petrol,990,225000,2150000
Suzuki,Maruti,2006,Used,Manual,Petrol,800,105008,2400000
Toyota,Corolla,1995,Used,Manual,Diesel,1800,194000,2100000
Mitsubishi,Montero,2003,Used,Automatic,Petrol,3800,198542,12390000
Honda,Vezel,2025,Import,Automatic,Hybrid,1500,100,21100000
Daihatsu,Mira,2024,Reconditioned,Automatic,Petrol,660,5000,7350000
Honda,Vezel,2025,Reconditioned,Automatic,Hybrid,1500,1625,20000000
Mitsubishi,Montero,2012,Used,Automatic,Diesel,2500,175000,13975000
Toyota,Prius,2009,Used,Automatic,Hybrid,1800,190000,9200000
Nissan,Presea,1992,Used,Manual,Petrol,1500,285600,2475000
Peugeot,3008,2019,Used,Tiptronic,Petrol,1200,52700,15500000
Mitsubishi,Outlander,2014,Used,Automatic,Petrol,2000,169000,12300000
Toyota,Axio,2017,Used,Automatic,Hybrid,1500,105000,12450000
Toyota,Corolla,1980,Used,Manual,Petrol,1200,230000,850000
BAIC,X55 II,2025,Used,Automatic,Petrol,1500,6047,15000000
Toyota,Premio,2016,Used,Automatic,Petrol,1500,108000,15200000
Toyota,Premio,2017,Used,Automatic,Petrol,1500,128173,15200000
Toyota,Corolla,1980,Used,Manual,Petrol,1200,230000,850000
Toyota,Taisor,2026,Brand New,Automatic,Petrol,990,0,11790000
Mitsubishi,Outlander,2025,Used,Automatic,Petrol,1500,3200,21250000
Kia,Sonet,2026,Brand New,Automatic,Petrol,990,0,12400000
Nissan,Roox,2023,Used,Automatic,Hybrid,660,33639,8700000
Toyota,Raize,2025,Reconditioned,Automatic,Hybrid,1200,4150,14350000
BAIC,X55 II,2026,Used,Tiptronic,Petrol,1500,1900,15600000
Lexus,IS 300h,2016,Used,Automatic,Hybrid,2500,76000,22000000
Hyundai,Santro,2007,Used,Manual,Petrol,1000,255844,2600000
Suzuki,Alto,2025,Reconditioned,Automatic,Hybrid,660,4000,7490000
Toyota,Axio,2013,Used,Automatic,Petrol,1490,89000,9000000
Suzuki,Alto,2025,Reconditioned,Automatic,Petrol,660,3400,7140000
Honda,Vezel,2017,Used,Automatic,Hybrid,1500,165000,11850000
Land Rover,Range Rover Sport,2018,Used,Automatic,Diesel,2000,61000,43500000
Toyota,Raize,2025,Reconditioned,Automatic,Hybrid,1200,8000,13850000
Toyota,Harrier,2025,Reconditioned,Automatic,Petrol,3000,2000,40000000
Kia,Sonet,2026,Brand New,Automatic,Petrol,1000,0,12400000
Toyota,Aqua,2013,Used,Automatic,Hybrid,1490,130000,7890000
Toyota,Land Cruiser Prado,2014,Used,Automatic,Petrol,2700,175000,32500000
Audi,Q5,2012,Used,Automatic,Petrol,2000,123000,13500000
Audi,Audi Q4 40 2024- Advance (Higher Range),2024,Used,Automatic,Electric,150,10000,35750000
Honda,Vezel,2014,Used,Automatic,Hybrid,1500,116000,9695000
Toyota,TUNDRA,2024,Used,Automatic,Petrol,3400,8000,65000000
Toyota,Yaris Ativ,2025,Brand New,Automatic,Petrol,1200,0,16500000
Mercedes Benz,A180,2024,Brand New,Automatic,Petrol,1330,12000,28000000
Toyota,Aqua,2012,Used,Automatic,Hybrid,1490,154000,7375000
Honda,Vezel,2025,Used,Automatic,Hybrid,1500,19000,18350000
Maruti Suzuki,800,2006,Used,Manual,Petrol,796,109000,2350000
Maruti Suzuki,800,2006,Used,Manual,Petrol,796,56230,2150000
Toyota,Other Model,2009,Used,Automatic,Diesel,2500,316190,7800000
Kia,Sonet,2026,Brand New,Automatic,Petrol,1000,25,12350000
Toyota,Vitz KSP130,2018,Used,CVT Automatic,Petrol,1000,15400100,9600000
Toyota,Roomy,2023,Reconditioned,Automatic,Petrol,990,3000,9390000
Toyota,Roomy,2024,Reconditioned,Automatic,Petrol,990,13950,10725000
Toyota,Roomy,2023,Reconditioned,Automatic,Petrol,990,25000,9350000
Honda,Vezel,2026,Brand New,Automatic,Hybrid,1500,20,19800000
Suzuki,Spacia,2024,Reconditioned,Automatic,Petrol,650,7000,9650000
Toyota,Roomy,2023,Reconditioned,Automatic,Petrol,1000,8000,9800000
Toyota,Taisor,2026,Brand New,Automatic,Petrol,1000,0,10950000
Suzuki,Alto,2017,Used,Automatic,Petrol,660,189160,5700000
Suzuki,Wagon R,2026,Brand New,Automatic,Hybrid,660,0,9750000
Daihatsu,Mira,2026,Brand New,Automatic,Petrol,660,300,7950000
Ssang Yong,Kyron,2008,Used,Automatic,Diesel,2000,155000,5200000
Mercedes Benz,E200,2023,Reconditioned,Automatic,Petrol,1500,9000,46900000
Land Rover,Defender,2026,Brand New,Automatic,Petrol,2000,0,79500000
Toyota,Harrier,2016,Used,Automatic,Petrol,2000,200000,19500000
Toyota,Alphard,2024,Reconditioned,Automatic,Petrol,2480,4000,64500000
Toyota,Raize,2025,Brand New,Automatic,Hybrid,1200,0,14650000
Audi,A3,2023,Excellent / Like Brand New,Automatic,Hybrid,1000,7000,19850000
Audi,Q7,2017,Used,Automatic,Petrol,2000,148000,25250000
Volkswagen,Polo,2019,Used,Automatic,Petrol,1000,46500,9800000
Toyota,Land Cruiser Prado,2025,Brand New,Automatic,Petrol,2700,0,64500000
Toyota,Roomy,2023,Reconditioned,Automatic,Petrol,990,20000,10390000
Honda,Vezel,2025,Brand New,Automatic,Hybrid,1500,100,20350000
Honda,Vezel,2026,Brand New,Automatic,Hybrid,1500,50,18675000
Toyota,Crown,2014,Used,Automatic,Hybrid,2500,148000,32500000
BMW,525i,2025,Reconditioned,Automatic,Petrol,2000,4500,71000000
Toyota,Raize,2026,Brand New,Automatic,Hybrid,1200,0,15200000
Mercedes Benz,C200,2025,Reconditioned,Automatic,Petrol,1500,3000,47500000
Toyota,Allion,2012,Used,Automatic,Petrol,1490,165000,10200000
Mitsubishi,Montero,2013,Used,Automatic,Diesel,3200,124000,23000000
Honda,Vezel,2025,Brand New,Automatic,Petrol,1500,0,19800000
Honda,Vezel,2025,Brand New,Automatic,Petrol,1500,0,19800000
Land Rover,Defender,2025,Reconditioned,Automatic,Petrol,2000,4000,75000000
Toyota,Land Cruiser Prado,2025,Brand New,Automatic,Petrol,2700,0,64500000
Suzuki,Every,2024,Reconditioned,Automatic,Petrol,660,4722,7750000
Toyota,Roomy,- 2025,Brand New,Automatic,Petrol,1000,800,11150000
Suzuki,Spacia,2024,Used,Automatic,Hybrid,660,1200,9850000
Toyota,Raize,2024,Import,Automatic,Hybrid,1198,10500,14500000
Nissan,Magnite,2026,Brand New,Automatic,Petrol,999,0,9800000
Tata,Nano,2017,Used,Tiptronic,Petrol,624,147845,2900000
BMW,218i,2024,Reconditioned,Automatic,Petrol,1500,6000,27250000
Toyota,Vitz,2007,Used,Automatic,Petrol,1000,186000,5800000
Daihatsu,Mira,2024,Reconditioned,Automatic,Petrol,660,5800,6975000
Kia,Carens,2025,Brand New,Automatic,Petrol,1500,0,20500000
Nissan,ROOX HIGHWAY STAR X,2024,Brand New,Automatic,Hybrid,660,0,9050000
Nissan,X-Trail,2002,Used,Automatic,Petrol,2000,201600,5695000
Toyota,Taisor,2026,Brand New,Automatic,Petrol,1000,0,10950000
Mercedes Benz,CLA 180,2024,Reconditioned,Automatic,Petrol,1330,9400,33500000
BMW,X1,2025,Reconditioned,Automatic,Petrol,1500,7500,34500000
Suzuki,Swift,2017,Used,Automatic,Petrol,1000,64200,8590000
Suzuki,Wagon R,2016,Used,Automatic,Hybrid,650,65000,6200000
Honda,Vezel,2026,Brand New,Automatic,Hybrid,1500,50,18675000
Toyota,Voxy,2025,Used,Automatic,Hybrid,1800,7700,29900000
Toyota,Land Cruiser 79,2025,Used,Manual,Diesel,2800,2000,33500000
Toyota,Raize,2026,Brand New,Automatic,Hybrid,1200,0,14950000
Suzuki,Alto,2015,Used,Manual,Petrol,800,100000,4030000
Suzuki,Wagon R FX,2026,Brand New,Automatic,Petrol,660,0,8400000
Nissan,Teana,2013,Used,Automatic,Petrol,2500,114538,9975000
Toyota,Passo,2022,Used,Automatic,Petrol,996,30000,8200000
Land Rover,Discovery,2014,Used,Automatic,Diesel,3000,179800,24200000
BMW,Other Model,1993,Used,Manual,Petrol,1800,190000,3200000
MG,MG4 V Long Range,2024,Brand New,Automatic,Electric,200,0,16500000
Mercedes Benz,G Wagon,2026,Brand New,Tiptronic,Petrol,4000,0,235000000
Mercedes Benz,E200,2016,Used,Automatic,Petrol,2000,24000,27500000
Toyota,Avanza,2011,Used,Automatic,Petrol,1500,87800,7450000
Kia,Rio,2001,Used,Automatic,Petrol,1499,125000,2400000
Toyota,Taisor,2026,Brand New,Automatic,Petrol,1000,0,11025000
Ford,Raptor Ranger,2025,Used,Automatic,Petrol,3000,25000,31500000
Toyota,Vitz,2007,Used,Automatic,Petrol,1000,134778,5600000
Daihatsu,Boon,2024,Brand New,Automatic,Petrol,990,0,8650000
Toyota,Land Cruiser Prado,2023,Reconditioned,Automatic,Petrol,2755,10000,53500000
Toyota,Rush,2018,Used,Automatic,Petrol,1500,133000,13300000
Honda,Civic,2008,Used,Automatic,Hybrid,1300,186000,6650000
Land Rover,Defender,2025,Used,Automatic,Petrol,2058,4000,66500000
Land Rover,Defender,2025,Reconditioned,Automatic,Petrol,1997,3000,67000000
Suzuki,Wagon R,2026,Brand New,Automatic,Hybrid,660,0,9750000
Nissan,Patrol,2014,Used,Automatic,Diesel,3000,226500,25750000
Nissan,Sunny,2002,Used,Automatic,Petrol,1300,240000,3875000
Honda,Vezel,2026,Brand New,Tiptronic,Hybrid,1500,0,21000000
BMW,318i,2016,Used,Tiptronic,Petrol,1500,35000,19800000
Honda,City,2024,Used,Automatic,Petrol,1498,24750,11900000
Mazda,Demio,2009,Used,Automatic,Petrol,1340,172000,5300000
Toyota,IST,2007,Used,Automatic,Petrol,1500,165000,7150000
Honda,Vezel,2025,Reconditioned,Automatic,Hybrid,1500,1832,16975000
HONDA,:Vezel,2025,Brand New,Automatic,Hybrid,1500,0,21900000
Daihatsu,Rocky,2025,Brand New,Automatic,Hybrid,1200,2763,14450000
Land Rover,Discovery Sport,2024,Reconditioned,Automatic,Hybrid,1498,2000,46000000
Honda,Vezel,2015,Used,Automatic,Petrol,1500,128000,10000000
Suzuki,Other Model,2025,Brand New,Automatic,Petrol,660,200,8790000
Toyota,Roomy,2025,Brand New,Automatic,Petrol,1000,1000,11550000
Datsun,Redi Go,2017,Used,Manual,Petrol,800,63000,3500000
Suzuki,Fronx,2026,Brand New,Automatic,Petrol,1000,22,11650000
Toyota,Harrier,2024,Import,Automatic,Petrol,1986,9000,39000000
Toyota,Hilux,2007,Used,Manual,Diesel,2500,217000,9750000
Suzuki,Wagon R,2026,Brand New,Automatic,Hybrid,660,0,9750000
Volkswagen,Tiguan,2019,Used,Automatic,Petrol,1500,125000,12950000
Audi,Q7,2016,Used,Automatic,Petrol,3000,144000,34500000
BMW,420d,2014,Used,Automatic,Diesel,2000,66000,30500000
BMW,528i,2011,Used,Automatic,Petrol,2000,106000,18500000
Mitsubishi,Montero,2017,Used,Automatic,Diesel,2400,105000,27000000
Tata,Indica,2003,Used,Manual,Petrol,1400,100000,1345000
Mitsubishi,Lancer,1982,Used,Manual,Petrol,1400,100000,1150000
Toyota,Taisor,2026,Brand New,Automatic,Petrol,1000,15,12400000
Toyota,Vitz,2007,Used,Automatic,Petrol,1000,178093,6000000
Nissan,X-Trail,2015,Used,Automatic,Hybrid,2000,132500,9975000
Honda,Vezel,2026,Brand New,Automatic,Hybrid,1500,0,21250000
BYD,Sealion 6,2025,Used,Automatic,Hybrid,1500,10000,20000000
Toyota,Vitz,2017,Used,Automatic,Petrol,990,124000,7975000
Suzuki,Wagon R FX,2024,Reconditioned,Automatic,Hybrid,660,3500,7700000
Peugeot,508,2011,Used,Automatic,Petrol,1600,121000,9500000
BMW,X1,2017,Used,Automatic,Petrol,1500,83000,13500000
Toyota,Raize,2026,Brand New,Automatic,Hybrid,1200,0,15200000
Suzuki,Swift,2017,Used,Automatic,Petrol,990,75000,8500000
Toyota,Premio,2017,Used,Automatic,Petrol,1500,125000,14850000
Nissan,X-Trail,2015,Used,Automatic,Hybrid,2000,143000,9350000
Mercedes Benz,E200,2025,Reconditioned,Automatic,Petrol,1999,3000,66000000
Suzuki,Wagon R,2024,Brand New,Automatic,Hybrid,660,235,8290000
Toyota,Raize,2025,Brand New,Automatic,Hybrid,1200,125,14275000
Land Rover,Range Rover,2025,Import,Automatic,Hybrid,3000,8000,160000000
Toyota,Raize,2026,Brand New,Automatic,Hybrid,1200,25,14600000
Audi,A3,2023,Reconditioned,Automatic,Petrol,999,4000,21000000
Hyundai,Santa Fe,2007,Used,Automatic,Petrol,2650,150000,7250000
Toyota,Raize,2026,Brand New,Automatic,Hybrid,1200,25,14550000
Toyota,Raize,2025,Brand New,Automatic,Hybrid,1200,26,14650000
Nissan,Magnite,2025,Used,Automatic,Petrol,1000,5600,8790000
Suzuki,Wagon R,2026,Brand New,Automatic,Hybrid,660,0,9430000
Land Rover,Range Rover,2025,Brand New,Automatic,Hybrid,2997,0,160000000
Toyota,Raize,2026,Brand New,Automatic,Hybrid,1200,0,14900000
Mitsubishi,Montero,2013,Used,Tiptronic,Diesel,3200,154000,20000000
Honda,Vezel,2026,Brand New,Automatic,Petrol,1500,0,19900000
Toyota,Raize,2025,Reconditioned,Automatic,Petrol,1000,4000,13675000
Honda,Vezel,2026,Brand New,Automatic,Hybrid,1500,0,20300000
Toyota,Raize,2026,Brand New,Automatic,Hybrid,1200,0,14550000
Toyota,Aqua,2012,Used,Automatic,Hybrid,1490,154000,7375000
Perodua,Axia,2019,Used,Automatic,Petrol,1000,91100,6700000
BMW,i8,2019,Used,Automatic,Hybrid,1500,42500,36500000
Mercedes Benz,C350,2017,Used,Automatic,Petrol,2000,84637,18500000
Mercedes Benz,S400,2013,Used,Automatic,Petrol,3500,71745,37500000
Toyota,CHR,2017,Used,Automatic,Petrol,1500,70153,12850000
Mitsubishi,Outlander,2015,Used,Automatic,Petrol,2000,97500,14800000
Mitsubishi,Montero,2014,Used,Automatic,Diesel,3200,110000,30000000
MG,ZS,2019,Used,Automatic,Petrol,1000,83000,9090000
Land Rover,Range Rover,2019,Used,Automatic,Petrol,2000,57000,79500000
Toyota,Hilux,2025,Brand New,Automatic,Diesel,2800,0,30900000
Mercedes Benz,CLA 200,2019,Used,Automatic,Petrol,1332,63000,23900000
Land Rover,Range Rover,2019,Used,Automatic,Petrol,2000,82000,77500000
Audi,Q7,2016,Used,Automatic,Petrol,3000,74500,36500000
Land Rover,Range Rover,2024,Brand New,Automatic,Petrol,3000,786,148000000
Toyota,Belta,2007,Used,Automatic,Hybrid,1300,276000,6590000
Honda,CRV,2018,Used,Automatic,Petrol,2000,82250,16500000
Toyota,Taisor,2025,Used,Automatic,Petrol,1000,7000,11300000
Land Rover,Range Rover,2025,Brand New,Automatic,Petrol,3000,180,165000000
Kia,Sonet,2026,Brand New,Automatic,Petrol,1000,0,12650000
BMW,Z4,2012,Used,Automatic,Petrol,3000,37500,32500000
BMW,318i,2016,Used,Automatic,Petrol,1500,64000,18200000
BMW,318i,2018,Used,Automatic,Petrol,1500,97500,20000000
BMW,520d,2015,Used,Automatic,Diesel,2000,94500,32500000
Kia,Syros,2025,Brand New,Gearbox 7-Speed Dual-Clutch Automatic (DCT),Petrol,1000,0,12900000
Toyota,Land Cruiser Sahara,2015,Used,Automatic,Petrol,4600,61000,54500000
Audi,A1,2016,Used,Automatic,Petrol,1000,106000,8700000
Toyota,Taisor,2026,Brand New,Automatic,Hybrid,1000,0,11900000
Suzuki,Swift,2017,Used,Automatic,Petrol,1000,64200,8590000
Perodua,Axia,2019,Used,Automatic,Petrol,1000,91100,6700000
Audi,Q3,2024,Used,Automatic,Petrol,1500,13700,29500000
BMW,740e,2018,Used,Automatic,Petrol,2000,94500,34500000
Toyota,Yaris,2024,Import,Automatic,Petrol,1000,22000,9600000
Daihatsu,Mira,2025,Used,Automatic,Petrol,660,3000,7300000
Toyota,Premio,2010,Used,Automatic,Petrol,1500,196000,9300000
Kia,Sonet,2026,Brand New,Automatic,Petrol,1000,0,12200000
Toyota,Hilux,2016,Used,Automatic,Diesel,2400,163000,16900000
Mitsubishi,4DR,1980,Used,Manual,Diesel,2659,63210,4650000
Suzuki,Wagon R FX,2025,Used,Automatic,Petrol,660,11000,8300000
Datsun,Redi Go,2016,Used,Manual,Petrol,800,102500,3490000
Nissan,AD Wagon,1985,Used,Manual,Petrol,1300,150000,520000
Mitsubishi,Lancer,1977,Used,Manual,Petrol,1200,128000,775000
Mercedes Benz,CLA 180,2017,Used,Automatic,Petrol,1600,35000,19000000
Nissan,Dayz,2023,Reconditioned,Automatic,Petrol,660,20000,7585000
Mazda,Flair,1986,Used,Manual,Petrol,1290,118000,1500000
Mitsubishi,EK Custom,2024,Import,Automatic,Hybrid,650,5000,8000000
Chrysler,Other Model,2004,Used,Automatic,Petrol,3300,75000,4750000
Tata,Nano,2015,Used,Manual,Petrol,624,182350,2100000
Nissan,Sunny,1988,Used,Manual,Petrol,1300,319200,1750000
Mercedes Benz,Mercedes-Benz GLB 180 AMG Line Black Style,2025,High Grade Japan Unit,7G-DCT Automatic,Petrol,1330,5000,37500000
Nissan,Sunny,1996,Used,Automatic,Petrol,1500,162000,3175000
Jetour,Dashing,2025,Used,Tiptronic,Petrol,1500,4000,16800000
Kia,Syros,2026,Brand New,Automatic,Petrol,1000,0,13690000
Audi,Audi A3 Sportback 30 TFSI Signature Edition,2024,High Auction Grade Japan Unit,7-Speed S tronic Automatic,Petrol,1000,10000,16500000
Hyundai,Venue,2026,Brand New,Automatic,Petrol,1000,0,13980000
Toyota,Alphard,2024,Reconditioned,Automatic,Petrol,1800,14000,55500000
Toyota,Starlet,1997,Used,Automatic,Petrol,1450,175000,3250000
Toyota,Raize,2026,Brand New,Automatic,Hybrid,1196,20,13750000
Audi,Audi A3 Sedan 30 TFSI Advanced,2024,High Auction Grade Japan Unit,7-Speed S tronic Automatic,Petrol,1000,10000,20000000
Perodua,Viva Elite,2010,Used,Manual,Petrol,1000,295000,4300000
Toyota,CHR,2017,Used,Automatic,Petrol,1200,166000,12500000
Nissan,Dayz,2023,Reconditioned,Automatic,Petrol,659,19000,7390000
Honda,Freed,2012,Used,Automatic,Hybrid,1500,200000,8650000
Mitsubishi,L200,2015,Used,Manual,Diesel,2500,319000,9500000
Mazda,Familia,1992,Used,Manual,Petrol,1500,340000,1980000
Hyundai,Accent,2011,Used,Automatic,Petrol,1500,143000,6500000
Toyota,Land Cruiser 79,2018,Used,Manual,Diesel,4200,95500,35000000
Nissan,AD Wagon,1987,Used,Manual,Petrol,1500,65000,975000
Nissan,Sunny,1996,Used,Manual,Petrol,1500,180000,2500000
Nissan,Sunny,2003,Used,Automatic,Petrol,1580,168000,4750000
Suzuki,Wagon R,2025,Reconditioned,Automatic,Petrol,660,8400,7750000
Mitsubishi,Galant,1998,Used,Manual,Petrol,2500,191000,6000000
Mahindra,Thar,2025,Reconditioned,Automatic,Petrol,2000,1200,31000000
Kia,Sportage,2012,Used,Automatic,Diesel,2000,132000,8950000
Toyota,Vitz,2006,Used,Automatic,Petrol,1000,121000,5350000
Honda,Vezel,2026,Brand New,Automatic,Hybrid,1500,0,20900000
Renault,KWID,2017,Used,Automatic,Petrol,1000,92000,4450000
BMW,X1,2018,Used,Automatic,Petrol,1499,36000,17850000
Toyota,Hilux,2019,Used,Manual,Diesel,2982,189000,13450000
Toyota,Corolla,1991,Used,Automatic,Diesel,1600,100000,1450000
Daihatsu,Mira,2025,Brand New,Automatic,Petrol,660,100,7500000
Suzuki,Fronx,2026,Brand New,Automatic,Petrol,1000,7,11600000
Suzuki,Every,2026,Brand New,Automatic,Petrol,660,20,9250000
Nissan,Roox,2024,Reconditioned,Automatic,Hybrid,658,28000,8950000
Suzuki,Wagon R,2024,Brand New,Automatic,Hybrid,660,1800,8500000
Audi,A3,2023,Used,Tiptronic,Petrol,1000,33000,21000000
Toyota,Harrier,2005,Used,Automatic,Petrol,2300,155000,9500000
Toyota,Aqua,2012,Used,Automatic,Hybrid,1496,138000,7550000
Mercedes Benz,CLA 180,2016,Used,Automatic,Petrol,1595,168000,15500000
Nissan,Almera,2025,Brand New,Tiptronic,Petrol,999,0,13900000
Mercedes Benz,S580e,2025,Brand New,Tiptronic,Petrol,3000,50,135000000
Suzuki,Wagon R,2026,Brand New,Automatic,Hybrid,660,60,9350000
Bentley,Flying Spur,2018,Used,Tiptronic,Petrol,4000,8000,125000000
Honda,Civic,2019,Used,Automatic,Petrol,1000,94000,13900000
Toyota,Taisor,2026,Brand New,Automatic,Petrol,1000,20,12100000
Perodua,Kelisa,2007,Used,Automatic,Petrol,1000,130000,4075000
BMW,528i,2011,* Excellent engine and gearbox,Automatic,Petrol,1998,84135,17800000
Toyota,Roomy,2023,Reconditioned,Automatic,Petrol,990,15000,8700000
Toyota,Vitz,2009,Used,Automatic,Petrol,1000,55000,5950000
Land Rover,Range Rover Sport,2016,Used,Tiptronic,Diesel,2993,108832,37500000
Toyota,Land Cruiser Prado,2024,Reconditioned,Automatic,Petrol,2693,1200,62250000
Honda,Freed,2013,Used,Automatic,Hybrid,1500,221000,9100000
Daihatsu,Thor,2025,Reconditioned,Automatic,Petrol,990,5000,1060000
Audi,A3,2018,Used,Automatic,Petrol,1000,115000,11500000
Toyota,Other Model,2025,Brand New,Tiptronic,Diesel,2270,1000,33000000
Mahindra,KUV 100,2020,Used,Manual,Petrol,1200,28000,5900000
Toyota,Yaris Ativ,2025,Brand New,Automatic,Petrol,1200,0,16300000
Audi,Q7,2018,Used,Tiptronic,Petrol,2000,200000,26000000
Hyundai,Accent,2003,Used,Automatic,Petrol,1500,159000,3190000
DFSK,Glory,2021,Used,Automatic,Petrol,1500,46000,9250000
Honda,Vezel,2025,Brand New,Automatic,Hybrid,1500,6000,20600000
Daihatsu,Mira,2025,Reconditioned,Automatic,Petrol,658,2400,7800000
Toyota,Premio,2016,Used,Automatic,Petrol,1500,108000,15200000
Suzuki,Spacia,2026,Brand New,Automatic,Hybrid,660,0,10790000
Mitsubishi,Outlander,2015,Used,Automatic,Petrol,2499,104000,15000000
Honda,Vezel,2023,Import,Automatic,Hybrid,1500,30000,17500000
Toyota,Vios,2007,Reconditioned,Automatic,Petrol,1500,98000,5895000
Toyota,Taisor,2026,Brand New,Automatic,Petrol,1000,25,12400000
Toyota,Taisor,2026,Brand New,Automatic,Petrol,1000,0,11350000
Toyota,Urban Cruiser,2026,Brand New,Automatic,Petrol,1000,0,11350000
Toyota,Raize,2025,Import,Automatic,Petrol,1200,7500,13650000
Toyota,Taisor,2026,Brand New,Automatic,Petrol,1000,16,12400000
Toyota,Raize,2026,Brand New,Automatic,Hybrid,1200,0,15650000
Toyota,Taisor,2026,Brand New,Automatic,Petrol,1000,0,11350000
Honda,Vezel,2023,Import,Automatic,Hybrid,1500,30000,16400000
Peugeot,3008,2018,Used,Automatic,Petrol,1200,72000,14950000
Suzuki,XBee,2018,Used,Automatic,Hybrid,1000,78000,8175000
Toyota,Raize,2026,Import,Automatic,Hybrid,1200,8,15400000
Daihatsu,Rocky,2026,Brand New,Automatic,Hybrid,1200,0,14475000
Daihatsu,Mira,2026,Brand New,Automatic,Petrol,660,0,7550000
Kia,Sonet,2026,Brand New,Automatic,Petrol,1000,0,12650000
Honda,N-Box,2024,Reconditioned,Automatic,Petrol,660,10300,9650000
Mahindra,Scorpio,2026,Brand New,Automatic,Diesel,2179,0,13385593
Isuzu,Bighorn,1996,Used,Automatic,Diesel,3100,320000,6500000
Suzuki,Wagon R,2019,Used,Automatic,Hybrid,660,74000,7190000
Mercedes Benz,E250,2010,Used,Automatic,Petrol,1796,98905,14000000
Toyota,Raize,2025,Reconditioned,Automatic,Hybrid,1200,2400,13950000
Suzuki,Alto,2024,Reconditioned,Automatic,Petrol,660,4000,7350000
Mitsubishi,Pajero,1995,Used,Manual,Diesel,2800,408500,7500000
Suzuki,Wagon R,2026,Brand New,Automatic,Petrol,660,0,8390000
Micro,Rexton,2008,Used,Tiptronic,Diesel,2700,260000,6400000
Audi,A3,2023,Used,Tiptronic,Petrol,1000,33000,21000000
Suzuki,Wagon R,2026,Brand New,Automatic,Hybrid,660,0,9350000
Land Rover,Defender,2025,Brand New,Automatic,Hybrid,2000,40,79500000
Toyota,Roomy,2024,Import,Automatic,Petrol,1000,15000,9100000
Toyota,Land Cruiser Prado,2024,Reconditioned,Tiptronic,Petrol,2700,12000,61400000
Toyota,Pixis,2024,Reconditioned,Automatic,Petrol,660,8000,7495000
Toyota,Corolla,1976,Used,Manual,Petrol,1300,420000,810000
Toyota,Taisor,2026,Brand New,Automatic,Petrol,998,0,11900000
Mitsubishi,L200,1986,Used,Manual,Diesel,2000,200000,3550000
Land Rover,Defender,2023,Reconditioned,Automatic,Petrol,2000,12600,68500000
Mercedes Benz,A200,2019,Used,Automatic,Petrol,1332,18202,24000000
Toyota,Taisor,2026,Brand New,Automatic,Petrol,1000,0,11950000
Toyota,Land Cruiser Sahara,2000,Used,Automatic,Diesel,4160,250000,19500000
Kia,Sorento,2012,Used,Manual,Diesel,2200,142833,8495000
DFSK,Glory,2022,Used,Automatic,Petrol,1500,44550,10600000
Toyota,Yaris,2024,Import,Automatic,Petrol,1000,35000,9800000
Land Rover,Discovery,2016,Used,Automatic,Diesel,2933,122340,32000000
Hyundai,Accent,2001,Used,Automatic,Petrol,1500,223559,2995000
Peugeot,5008,2019,Used,Automatic,Petrol,1200,68000,17200000
Toyota,Taisor,2026,Brand New,Automatic,Petrol,990,0,11150000
DFSK,Glory,2016,Used,Automatic,Diesel,1000,67200,4800000
Toyota,Taisor,2026,Brand New,Automatic,Petrol,990,0,11875000
Suzuki,Wagon R,2025,Brand New,Automatic,Petrol,660,500,7890000
Nissan,Primera,2000,Used,Automatic,Petrol,1800,191800,3850000
Daihatsu,Move,2025,Reconditioned,Automatic,Petrol,650,6000,9100000
DFSK,Glory,2021,Used,Tiptronic,Petrol,1500,87000,7600000
Toyota,Raize,2025,Brand New,Automatic,Hybrid,1200,0,14500000
Suzuki,Wagon R,2026,Brand New,Automatic,Hybrid,660,0,9300000
Toyota,Raize,2026,Brand New,Automatic,Hybrid,1196,20,13750000
Toyota,Premio G Superior,2013,Used,Automatic,Petrol,1500,157000,12000000
Suzuki,Hustler,2025,Brand New,Automatic,Hybrid,650,0,8000000
Mahindra,Scorpio Pikup,2026,Brand New,Automatic,Diesel,2179,0,13385593
Suzuki,Wagon R,2025,Brand New,Automatic,Hybrid,650,1000,8800000
Toyota,Toyota RAV4 Hybrid Z Grade,2026,Brand New (0 KM),e-CVT Automatic,Hybrid,2500,0,44500000
Toyota,Yaris Ativ,2025,Brand New,Automatic,Petrol,1196,20,16300000
Daihatsu,Rocky,2025,Import,Automatic,Hybrid,1200,5000,13100000
Kia,Sonet,2026,Brand New,Automatic,Petrol,1000,0,11475000
Suzuki,Spacia,2025,Used,Automatic,Hybrid,660,12000,9950000
Suzuki,Jimny,1998,Used,Automatic,Petrol,1300,100000,4295000
Ford,Raptor Ranger,2025,Used,Automatic,Petrol,3000,10000,38500000
Daihatsu,Hijet,2014,Used,Automatic,Petrol,660,120000,5150000
Mercedes Benz,Mercedes-Benz E-Class E300 Exclusive AMG Line Package,2025,High Grade Japan Unit,9G-TRONIC Automatic,Petrol,2000,5000,67500000
Toyota,Belta,2007,Used,Automatic,Petrol,1300,155000,6150000
Mercedes Benz,Mercedes-Benz CLA 180 AMG Line Black Edition,2025,High Grade Japan Unit,7-Speed 7G-DCT Automatic,Petrol,1330,8000,31000000
Honda,Vezel,2015,Used,Automatic,Hybrid,1500,139500,10400000
Suzuki,Wagon R,2002,Used,Automatic,Petrol,1000,245000,3200000
BMW,525i,2014,Used,Automatic,Petrol,3000,133000,21500000
Suzuki,Alto,2024,Import,Automatic,Petrol,660,10000,6600000
Nissan,Patrol,2013,Used,Automatic,Diesel,3000,167000,25000000
Audi,Q2,2018,Used,Automatic,Petrol,990,42000,12500000
Mercedes Benz,Citan,2015,Used,Manual,Diesel,1500,130000,7750000
Perodua,Kelisa,2008,Used,Automatic,Petrol,990,241300,3800000
Suzuki,Wagon R,2018,Used,Automatic,Petrol,660,132000,6100000
Mitsubishi,Pajero,1989,Used,Manual,Diesel,2500,200000,5650000
Honda,Vezel,2026,Brand New,Automatic,Hybrid,1498,1,21250000
Toyota,Yaris Cross,2021,Used,Automatic,Petrol,1500,25000,16500000
Volkswagen,Tiguan,2018,Used,Automatic,Petrol,1500,65800,17500000
Toyota,Taisor,2026,Brand New,Automatic,Petrol,1000,8,12400000
Daihatsu,Rocky,2024,Reconditioned,Automatic,Hybrid,1200,5000,14175000
Suzuki,Celerio,2015,Used,Manual,Petrol,998,168000,5100000
Suzuki,Wagon R,2024,Reconditioned,Automatic,Hybrid,660,13000,8975000
JAECOO,Other Model,2025,Used,Automatic,Petrol,2000,5900,35575000
Suzuki,Maruti,2011,Used,Manual,Petrol,800,88000,2600000
Toyota,Yaris,2024,Reconditioned,Automatic,Petrol,1000,11911,10400000
Honda,Vezel,2026,Brand New,Automatic,Hybrid,1500,253,19850000
Honda,Grace,2015,Used,Automatic,Hybrid,1496,175000,9600000
Nissan,Sunny,1991,Used,Manual,Diesel,1700,294000,1900000
Tata,Indigo,2011,Used,Manual,Petrol,1200,140000,2800000
Suzuki,Every,2024,Import,Manual,Petrol,650,17500,7650000
MG,ZS,2019,Used,Automatic,Petrol,1000,55000,9200000
Suzuki,Wagon R FX,2023,Reconditioned,Automatic,Hybrid,650,11141,7650000
Nissan,X-Trail,2014,Used,Automatic,Petrol,1990,126000,10750000
Toyota,Land Cruiser,2025,Brand New,Automatic,Petrol,3500,0,98500000
Toyota,Urban Cruiser,2026,Used,Automatic,Petrol,100,900,11750000
Toyota,Corolla,2002,Used,Automatic,Petrol,1500,148000,5875000
Toyota,Yaris,2018,Used,Automatic,Petrol,1300,170000,9975000
Toyota,Hilux,2005,Used,Manual,Diesel,2500,240000,9975000
Mercedes Benz,E200,2010,Used,Automatic,Petrol,1796,169000,12650000
Land Rover,Range Rover Sport,2021,Used,Automatic,Petrol,2000,75000,45500000
Zotye,Z100,2017,Used,Manual,Petrol,1000,57000,3350000
Land Rover,Range Rover Sport,2018,Used,Automatic,Petrol,2000,55000,45500000
Toyota,Corolla,1986,Used,Manual,Petrol,1500,211000,1375000
Toyota,Raize,2026,Brand New,Automatic,Hybrid,1200,0,14575000
Honda,Civic,1990,Used,Manual,Petrol,1450,145000,1450000
Honda,WR-V,2025,Used,Tiptronic,Petrol,1500,4200,16300000
Kia,Sonet,2026,Brand New,Automatic,Petrol,1000,0,11350000
Hyundai,Venue,2026,Brand New,Automatic,Petrol,1000,34,13600000
Audi,A4,2011,Used,Automatic,Petrol,1800,160360,9995000
Toyota,Passo,2009,Used,Automatic,Petrol,1000,143000,5250000
Honda,Civic,2017,Used,Automatic,Petrol,1000,95000,11650000
Mazda,Demio,2007,Used,Automatic,Petrol,1300,110200,5395000
Toyota,Vitz,2017,Used,Automatic,Petrol,1000,70000,8200000
Bajaj,Qute,2019,Used,Manual,Petrol,217,70000,1250000
Toyota,Taisor,2026,Brand New,Automatic,Petrol,1000,32,12400000
Mitsubishi,Galant,1975,Used,Manual,Petrol,1200,45000,350000
Honda,CRV,2025,Import,Automatic,Petrol,1500,0,31500000
Land Rover,Defender,2025,Import,Automatic,Hybrid,2000,0,75000000
Honda,Vezel,2015,Used,Automatic,Hybrid,1500,165500,9700000
Nissan,Lucino,1995,Used,Automatic,Petrol,1500,110000,2995000
Micro,Panda,2014,Used,Manual,Petrol,1300,50320,3495000
Micro,Trend,2012,Used,Manual,Petrol,1075,87253,2195000
Suzuki,Alto,2016,Used,Automatic,Petrol,650,122347,5395000
Toyota,Corolla,1988,Used,Manual,Petrol,1500,217000,1325000
Toyota,Raize,2025,Reconditioned,Automatic,Hybrid,1200,1200,13550000
Land Rover,Defender,2015,Used,Manual,Diesel,2198,50000,29500000
Toyota,Raize,2025,Reconditioned,Automatic,Petrol,1000,6865,13500000
Toyota,Raize,2026,Brand New,Automatic,Hybrid,1200,0,15100000
Nissan,Sunny,2014,Used,Automatic,Petrol,1300,110000,6290000
Mitsubishi,Attrage,2016,Used,Automatic,Petrol,1200,135000,6675000
Nissan,Qashqai,2017,Used,Automatic,Petrol,1200,63000,14800000
Suzuki,Swift,2017,Used,Automatic,Petrol,1000,64200,8590000
Nissan,Dayz,2023,Reconditioned,Automatic,Petrol,660,20000,7585000
Toyota,Premio,2017,Used,Automatic,Petrol,1500,128173,15200000
Mitsubishi,Attrage,2017,Used,Automatic,Petrol,1200,178000,7000000
BMW,318i,2017,Used,Automatic,Petrol,1500,137000,16000000
Toyota,Land Cruiser Prado,2024,Used,Automatic,Diesel,2800,7900,72500000
DFSK,Glory,2021,Used,Automatic,Petrol,1500,28950,8000000
Porsche,Panamera 4,2017,Used,Automatic,Petrol,3000,14000,55000000
DFSK,Glory,2020,Used,Automatic,Petrol,1500,37408,8000000
Toyota,Yaris,2026,Brand New,Automatic,Petrol,1000,0,11300000
Toyota,Taisor,2026,Brand New,Automatic,Petrol,1000,25,12400000
Toyota,Harrier,2015,Used,Automatic,Hybrid,2490,110700,20000000
Subaru,Forester,2000,Used,Automatic,Petrol,2000,90000,6250000
BMW,M3,2023,Used,Automatic,Petrol,3000,450,150000000
Suzuki,Alto,2015,Used,Manual,Petrol,800,44500,4500000
Nissan,March,1996,Used,Automatic,Petrol,1000,175964,2595000
DFSK,Glory,2023,Used,Automatic,Petrol,1500,56689,11000000
Ssang Yong,Rexton,2015,Used,Automatic,Diesel,2000,119000,10995000
Daihatsu,Mira,2025,Brand New,Automatic,Petrol,660,0,7350000
Toyota,Taisor,2026,Brand New,Automatic,Petrol,1000,0,11850000
Toyota,Roomy,2025,Reconditioned,Automatic,Petrol,1000,25000,10150000
Kia,Sonet,2026,Brand New,Automatic,Petrol,1000,0,11475000
Honda,Civic,2000,Used,Manual,Petrol,1500,235011,5095000
Honda,CRV (Masterpiece),2019,Used,Automatic,Petrol,1500,7000,21000000
Kia,Sonet,2026,Brand New,Automatic,Petrol,1000,0,12600000
Toyota,Belta,2012,Used,Automatic,Petrol,1000,128710,7400000
Toyota,Land Cruiser,2016,Used,Automatic,Diesel,4500,144000,66000000
Honda,Fit,2013,Used,Automatic,Hybrid,1330,218581,6800000
Honda,Vezel,2025,Reconditioned,Automatic,Petrol,1490,13800,19150000
Honda,WR-V,2025,Used,Tiptronic,Petrol,1500,4200,16300000
Kia,Sportage,2014,Used,Automatic,Diesel,2000,149000,9150000
Toyota,Yaris,2023,Reconditioned,Automatic,Petrol,1000,30000,9200000
Toyota,Hilux,2012,Used,Manual,Diesel,2495,195485,11595000
Land Rover,Defender,1981,Used,Manual,Diesel,2286,180000,21500000
Toyota,Passo,2023,Used,Automatic,Petrol,996,43000,8200000
Isuzu,Other Model,2021,Reconditioned,Tiptronic,Diesel,3000,117000,12900000
Honda,Vezel,2026,Brand New,Automatic,Petrol,1500,0,18400000
Mercedes Benz,A180,2013,Used,Tiptronic,Petrol,1590,59000,13250000
Mahindra,KUV 100,2021,Used,Manual,Petrol,1200,68500,5695000
Kia,Sonet,2026,Brand New,Automatic,Petrol,1000,0,12650000
Peugeot,508,2012,Used,Automatic,Petrol,1500,110000,10500000
Hyundai,Venue,2025,Brand New,Automatic,Petrol,1000,0,11190000
Hyundai,Venue,2026,Brand New,Automatic,Petrol,1000,0,14250000
Toyota,Wigo,2018,Used,Automatic,Petrol,1000,105000,6600000
Honda,Vezel,2026,Brand New,Automatic,Petrol,1500,0,20800000
Toyota,Raize,2025,Brand New,Tiptronic,Petrol,1200,0,14800000
Suzuki,Spacia,2024,Reconditioned,Automatic,Hybrid,660,2000,8290000
Honda,Vezel,2026,Brand New,Tiptronic,Hybrid,1500,0,20800000
Hyundai,Tucson,2012,Used,Tiptronic,Diesel,2000,133000,8550000
Nissan,FB13,1991,Used,Manual,Petrol,1500,267000,2600000
Toyota,Allion,2011,Used,Automatic,Petrol,1500,155433,9400000
Suzuki,Alto,2014,Used,Manual,Petrol,800,75364,4100000
Daihatsu,Mira,2024,Reconditioned,Automatic,Petrol,650,3980,6950000
Nissan,Sunny,1999,Used,Automatic,Petrol,1597,167000,4500000
Daihatsu,Mira,2026,Brand New,Automatic,Petrol,650,0,7200000
BMW,740Le,2017,Used,Automatic,Petrol,2000,50000,39800000
Honda,Vezel,2025,Brand New,Automatic,Hybrid,1500,100,20350000
Toyota,Raize,2026,Import,Automatic,Hybrid,1200,20,13645000
Toyota,Yaris Ativ,2025,Brand New,Automatic,Petrol,1200,0,16500000
Toyota,Yaris Ativ,2025,Brand New,Automatic,Petrol,1200,0,15500000
Suzuki,Spacia,2024,Reconditioned,Automatic,Hybrid,660,7500,8790000
Toyota,Raize,2025,Reconditioned,Automatic,Hybrid,1200,5000,13790000
Suzuki,Spacia,2024,Reconditioned,Automatic,Hybrid,660,19800,7890000
Toyota,Land Cruiser Prado,2017,Used,Automatic,Petrol,2800,75000,39000000
Daihatsu,Mira,2025,Brand New,Automatic,Petrol,660,0,7550000
Mitsubishi,Outlander,2016,Used,Automatic,Hybrid,2000,89000,15950000
Toyota,Yaris,2026,Brand New,Automatic,Petrol,1000,0,11850000
BMW,i8,2019,Used,Automatic,Hybrid,1500,42100,37500000
Daewoo,Leganza,2000,Used,Manual,Petrol,2000,88290,2200000
Toyota,Premio,2011,Used,Automatic,Petrol,1500,142000,9700000
Mercedes Benz,GLB,2024,Reconditioned,Tiptronic,Petrol,1300,10000,38200000
Honda,Vezel,2026,Brand New,Automatic,Hybrid,1500,0,21300000
Hyundai,Accent,2001,Used,Automatic,Petrol,1500,104107,2650000
Honda,Vezel,2024,Used,Automatic,Hybrid,1500,17000,17690000
Toyota,Yaris,2008,Used,Automatic,Petrol,1300,159000,6750000
Honda,Vezel,2014,Used,Automatic,Hybrid,1500,168000,9950000
Daihatsu,Mira,2025,Reconditioned,Automatic,Petrol,660,4000,6890000
Land Rover,Defender,2025,Brand New,Automatic,Petrol,2000,0,79500000
Land Rover,Defender,2025,Brand New,Automatic,Petrol,2000,0,78000000
Audi,Audi A5 30 TFSI,2018,Purchased brand new from Agent (Drive One),Automatic,Petrol,1984,52000,22000000
Daihatsu,Mira,2025,Reconditioned,Automatic,Petrol,660,2000,7500000
Honda,CRV,2019,Used,Tiptronic,Petrol,1500,92000,18250000
Suzuki,Wagon R,2023,Reconditioned,Automatic,Petrol,660,26000,7600000
